State Abbreviation,County,% children with single parent,"Violent Crimes p 100,000"
AK,Dillingham,33.1,1875.5
GA,Calhoun,48.9,1717.7
MO,St. Louis City,59.4,1702.8
IL,Alexander,64.4,1613.3
TX,Loving,82,1520.9
MS,Humphreys,60.5,1399.8
MD,Baltimore City,60.8,1388.6
AR,Crittenden,54.2,1357.4
TN,Shelby,47.9,1286.1
DC,District of Columbia,49.9,1263.4
AR,Phillips,65,1243.5
IN,Marion,44.9,1196.7
TN,Davidson,39.4,1110.9
PA,Philadelphia,56,1094.2
LA,Iberville,54.8,1092.4
MO,Scott,37.6,1051.4
SC,Marlboro,45.7,1039.9
MI,Wayne,44.1,1034.1
TN,Madison,41.1,1017.4
SC,Dillon,47.9,1008.6
GA,Turner,58.2,1007.6
AR,Pulaski,43.1,996.5
NV,Storey,34.3,954
WI,Milwaukee,47.3,945.1
LA,De Soto,48.1,935.7
TX,Kenedy,9.4,925.9
MN,Rock,17.3,919
TN,Haywood,44.3,918.8
OK,Carter,27.9,916.9
MO,Pemiscot,52.6,904.7
LA,Rapides,42,902.3
AL,Greene,63.3,886.4
LA,Tangipahoa,39.2,883.6
AR,Jefferson,51.8,883.4
GA,Dougherty,60.9,869
AR,Mississippi,52.6,867.6
GA,Early,62.3,864.6
LA,Orleans,59,861.6
TX,Ector,31.8,847.5
IL,Sangamon,38.6,842.6
NV,Pershing,35.8,840.8
SC,Richland,40.2,837.8
AK,Anchorage,29.5,836.3
LA,Ouachita,47.3,834.9
IL,Winnebago,41.4,832.1
MO,Jackson,41.5,822.5
SC,Greenwood,49.9,818.5
MA,Suffolk,47.5,815.2
FL,Madison,42,808.9
GA,Fulton,40.1,807.6
AL,Jefferson,40,796.8
OH,Lucas,45,793.6
CA,San Francisco,21.4,793
TX,Willacy,42.6,788.9
SC,Marion,62.3,782.9
CA,San Joaquin,30.4,780.4
AR,Miller,43.9,775.2
NM,Bernalillo,38.2,774.8
AL,Dallas,71,774.1
SC,Barnwell,46,770.5
AK,North Slope,41.9,769.4
KS,Meade,30.2,768.6
MI,Genesee,42,765.4
FL,Jefferson,46,764.1
TN,Dyer,33.5,760.5
NM,Valencia,37.2,758.6
MO,Clay,26.6,755.1
MS,Hinds,55.7,753
OK,Muskogee,37.4,753
SC,Colleton,43,752.1
WV,Nicholas,25.1,752
GA,Sumter,59.5,750.2
IL,St. Clair,41,749.2
OK,Comanche,37.7,747.1
MI,Saginaw,39,745
FL,Taylor,33.6,743.4
AL,Macon,63.4,736.6
FL,Escambia,37.9,735.9
TN,Lauderdale,50.3,735.8
LA,St. Landry,48.3,733.3
NM,Luna,40.7,731.9
NM,McKinley,46.9,730.2
TX,Lubbock,35.5,729.3
TX,Duval,39.5,720.5
CA,Alameda,23.8,720.3
MS,Coahoma,68.6,716.8
TX,Nolan,40.1,714.2
TX,Harris,33.4,713.7
NM,Grant,42.2,709.7
TX,Hutchinson,31.1,708.5
NC,Lenoir,39.6,706.9
GA,Pulaski,47.5,706
NV,Clark,35.8,705.9
NM,Guadalupe,43.1,704.8
SC,Sumter,40.9,696.5
IA,Pottawattamie,35.2,693.5
CA,Shasta,30.6,690.6
MO,Greene,30.9,689.8
LA,Avoyelles,38.8,689.4
TX,Jefferson,41.7,686.9
MO,McDonald,30.2,684.9
FL,Leon,35.1,683.1
FL,Hendry,41.4,681.9
FL,Orange,36.7,681.4
NJ,Essex,41.3,681.2
NV,Lander,29.6,674.4
GA,Haralson,30.4,673
OK,Tulsa,35.2,671.4
CA,Modoc,18.3,670.6
AR,Desha,51.9,670
NM,Socorro,60,660.4
SC,Darlington,44,660.2
OK,Oklahoma,35.4,650.4
FL,Miami-Dade,37.5,650.3
NC,Robeson,49.1,649.6
GA,Burke,53.7,648.9
TX,Marion,23.6,647.3
LA,Madison,59.5,646.8
TN,Hamilton,32.6,645.6
FL,Duval,40.3,644.7
SC,Hampton,48.8,644.3
FL,Columbia,35.8,643.1
SC,Laurens,44.1,639.4
MS,Leflore,65.3,636.4
WV,Wyoming,31.9,635.6
KS,Montgomery,36.2,634.5
NC,Scotland,53.9,633
VA,Richmond City,61.7,630.9
SC,Lee,51.9,629.2
SC,Fairfield,56,628.8
GA,DeKalb,41.7,628.2
GA,Decatur,52.5,627.3
TX,Gonzales,32.5,626.3
KS,Sedgwick,32.9,622.4
NY,New York,36,621.1
NY,Kings,33,620.9
NY,Richmond,25.2,620.9
NY,Bronx,58.9,620.8
NY,Queens,28.6,620.7
FL,Putnam,46.2,620
AR,Hempstead,41.3,619
IL,Jefferson,35.3,618.2
TX,Nueces,39.1,617.7
CO,Denver,34.3,617.3
CA,Madera,31.3,616.3
TX,Jim Wells,30.2,616.2
AZ,Greenlee,33.7,616
TN,Grundy,35.3,615.6
CA,Merced,38,614.4
SC,Chester,45.9,614.3
NC,Durham,39.4,613.4
LA,Concordia,51.7,612.1
WV,Ohio,39.4,611.5
AL,Lowndes,69.4,611
NM,Eddy,36.8,610.8
LA,East Baton Rouge,44.3,606.8
NM,Cibola,54.1,606.8
IL,Vermilion,43.9,605.1
MA,Hampden,45.9,604.9
KS,Wyandotte,45,603.1
NC,Vance,56.9,601.3
LA,Caddo,51.3,600.4
TX,Gray,31,598.2
TX,Potter,34.2,596.9
AR,Sebastian,31.5,594.5
SC,Horry,37.1,590.7
SC,Greenville,29.1,590.5
OH,Cuyahoga,42.4,588.9
VA,Petersburg City,65.3,588.2
LA,Lafayette,39.1,587.8
IL,Cook,33.7,586.7
SC,Anderson,31.7,585.2
AL,Madison,27.9,583.7
CA,Del Norte,40.5,582.3
LA,Morehouse,49,582.1
TN,Cocke,49.2,581.5
FL,Manatee,35.2,580.8
NM,Chaves,35.7,580
FL,Alachua,32.7,579.2
TX,Andrews,16.8,578.6
TX,Howard,31.2,577.6
MI,Calhoun,39.5,577.4
AR,Union,39.7,576.5
GA,Clayton,48.6,576.3
CO,Pueblo,36.2,575.3
AL,Calhoun,35.1,574.3
LA,Pointe Coupee,43.3,570.5
TN,Hardeman,49.3,570.5
VA,Portsmouth City,55.2,569.3
LA,St. James,41,567.5
AL,Conecuh,45.9,566.5
LA,Calcasieu,39.7,566.5
NM,San Juan,38.3,566.3
GA,Wayne,26.2,565.8
LA,Natchitoches,46,564.4
LA,Red River,41.5,563.9
GA,Baldwin,52.2,563.7
KY,Jefferson,38.4,562.5
LA,East Carroll,59.5,561.2
VA,Radford City,35,561.2
GA,Tift,45.6,560.2
VA,Norfolk City,48.1,559.8
GA,Glynn,42.2,557.8
TN,Gibson,33.2,557.8
SC,Bamberg,45.3,556.4
IL,Henderson,48.3,555.9
KS,Chautauqua,30.9,555.6
CA,Kern,34.3,555
LA,St. Mary,44.8,554
TX,Bowie,40.9,553.8
MI,Ingham,35.8,552.8
TN,Tipton,32.7,552.2
NC,Edgecombe,58.2,552
TX,DeWitt,37.4,551.5
MI,Mecosta,28.2,551.2
NJ,Camden,38.1,550.7
DE,New Castle,34.7,550.1
AL,Mobile,41,549.8
NC,Mecklenburg,32.8,546.3
GA,Peach,41.9,545.9
AR,St. Francis,46.1,545.6
TN,Bradley,30.3,545.2
AL,Etowah,36.3,544.2
TN,Montgomery,30.5,541.6
MT,Roosevelt,45.9,541.2
NC,Cumberland,39.3,540.5
GA,Putnam,34.8,540
NM,Rio Arriba,48.2,539.8
LA,Washington,43.6,539.7
CA,Lake,44,539.1
TN,Crockett,28,539.1
IN,Clark,25.5,538.8
CA,Tehama,31.5,537.6
NM,Lea,30.3,537.4
NC,Nash,39.9,537.1
FL,Pinellas,37.7,535.9
CA,Stanislaus,31.8,533.1
NJ,Cumberland,47.5,533
NC,Martin,40.3,531.6
GA,Spalding,43,531.5
GA,Warren,51.4,531.4
KS,Bourbon,30.7,530.8
SD,Brule,32.9,530.4
TN,Henderson,40.5,530.4
CA,Alpine,18.3,529.6
NC,Forsyth,35.9,527.7
AL,Chambers,45.9,526.9
IL,Champaign,34.5,526
TN,Johnson,23.3,525.9
IL,Peoria,39.8,525.7
SC,Union,53,525.5
IL,Jackson,34.5,523.7
AL,Butler,48.5,523.4
CA,Sacramento,32.9,523.2
TN,Maury,33,522.9
MT,Sheridan,15.9,522.6
SC,Clarendon,44.6,522.5
NM,Roosevelt,32.4,522.3
AR,Cross,30.5,521.3
GA,Polk,33.3,521.3
TX,Kleberg,39.3,520.8
FL,Brevard,35.1,518.3
MA,Bristol,33.5,518.3
GA,Muscogee,46.1,516.8
MO,Butler,38.8,516.2
TX,Randall,25,515.9
SC,Orangeburg,50.9,515.6
AR,Independence,29.9,514.8
FL,Monroe,32.9,514.7
SC,Beaufort,32.4,513.7
NC,Anson,47.6,513.6
GA,Bibb,52.5,510.8
CA,Mendocino,37.7,509.6
MD,Prince George's,40.8,509.4
GA,Walker,30.8,509.1
TX,Dallam,27.7,507.9
FL,Bay,35.2,507.8
TX,Victoria,32.8,507.7
CA,Fresno,40,507.1
SC,Oconee,35.6,505.5
MD,Baltimore,31.9,504.1
MS,Sunflower,62,503.2
CA,Plumas,25.5,502.6
VA,Emporia City,60.8,501.8
IA,Black Hawk,30.8,501.3
SC,Lancaster,37.8,500.5
AL,Crenshaw,34.3,500.4
MO,Mississippi,44.3,500.4
IA,Lee,36.4,498.6
MD,Wicomico,37.1,497.7
OK,Pontotoc,35.7,494.7
TN,Lawrence,26.1,494
LA,Winn,42.8,493.3
WV,Kanawha,38.2,492.6
TN,McMinn,23,490.6
AR,Arkansas,39.1,490
TN,Knox,26.4,488.7
SD,Pennington,36.7,488.3
AL,Monroe,44.2,488.2
AL,Sumter,63.8,486.8
GA,Clinch,55.7,486.2
WV,Logan,26.1,486.2
SC,Williamsburg,50.7,485.9
TX,Ward,23.8,485.3
NE,Douglas,30.8,484.9
AR,Jackson,40.6,484.1
MD,Cecil,26.4,483.7
AL,Escambia,39.3,483.1
NM,San Miguel,53.8,482
AL,Marengo,55.4,481.3
GA,Barrow,26.9,480.5
MI,Muskegon,38.5,480.4
GA,Brooks,33.5,479.3
AL,Tallapoosa,48,478.3
AR,Garland,38.1,478.2
CA,Kings,36.3,477.9
TN,Sullivan,30.1,477.4
SC,Allendale,62.8,477.2
NC,Halifax,55.7,476.2
OR,Multnomah,30.7,475.5
TX,Bexar,35.4,475.5
FL,Gulf,39.2,475.2
PA,Delaware,30.7,474.3
CA,Inyo,37.7,473.9
DE,Kent,36,473.2
MT,Hill,40.5,472.4
GA,Jefferson,52.1,472.3
TX,Gregg,35.6,470.3
GA,Jeff Davis,32.7,470
IA,Scott,31.8,469
ND,Williams,18.8,468.6
FL,Osceola,33.3,468.1
CA,Solano,33.7,467.7
MD,Dorchester,42,466.2
IA,Webster,37.2,465.6
AZ,Cochise,33.3,465.2
KS,Cloud,30.6,464.2
AL,Perry,77.2,463.6
AR,Chicot,48,463.6
FL,Palm Beach,34.8,462.9
OH,Hamilton,40.5,462.9
IA,Des Moines,41.7,462.1
MS,Scott,54.2,461.8
SC,Georgetown,45.7,461.7
FL,Gadsden,53,461.6
FL,Bradford,33.8,461.3
TN,Claiborne,28,460.7
TX,Scurry,31.1,460.1
MD,Anne Arundel,23,459.8
MS,Marshall,48.5,459.3
FL,DeSoto,42.6,458.8
MI,Kalamazoo,33.8,458.1
LA,St. Helena,55.8,457
MO,Vernon,30.2,456.9
FL,Franklin,31.1,456.8
VA,Roanoke City,46.6,456.5
SC,Florence,40.5,456.1
MO,Bates,31.4,455.8
MN,Ramsey,33.4,455.3
VA,Charlottesville City,31.9,454.2
LA,Catahoula,39.1,453.7
TX,Calhoun,31,452.1
KS,Geary,23.8,451.8
NJ,Passaic,34.3,451.2
TX,McMullen,15.4,450.9
LA,West Carroll,26.3,450.6
AZ,Pima,36.6,450.4
AL,Colbert,31.4,449.6
AL,Pike,42.3,448.1
NY,Erie,35.8,447.7
GA,Macon,47.7,447.1
MO,Taney,34.8,446.6
NC,Richmond,48.4,446.3
GA,Emanuel,55.1,446
CA,Tulare,34.1,445.8
DE,Sussex,35.6,445.8
LA,Jefferson,42.2,445.4
AK,Juneau,28.6,444.7
MO,Stone,20.7,444.4
OK,Canadian,22.6,443.7
NC,Columbus,40.8,443.5
TX,Dallas,36.7,443.4
KS,Finney,29.3,442.3
SC,Kershaw,35.7,442.3
GA,Bartow,28.2,442
VA,Fredericksburg City,49.2,441.7
FL,Marion,39.5,441.5
AL,Russell,41.4,441.4
FL,Broward,35.9,440.9
KS,Shawnee,30.5,439.6
AL,Clarke,29,439.4
SC,York,29,439.3
IN,Clay,25.1,439.1
NM,Curry,34.6,438.5
KS,Reno,29.7,438.4
AR,Dallas,27,438.3
MT,Lake,30.7,437.8
MO,Lawrence,23.7,436.9
WV,Raleigh,36.7,436.9
TN,Rutherford,27.6,436.8
PA,Dauphin,37.6,436
WA,Pierce,29.1,435.8
WV,Randolph,30.3,435.5
MA,Worcester,28.3,435.2
FL,Okaloosa,29.5,435.1
OH,Allen,37,435.1
NM,Taos,46.4,433.5
IA,Tama,29.9,433.3
TX,Liberty,24.5,433.2
AR,Washington,24.8,432.8
VA,Newport News City,44.3,432.3
MS,Grenada,53.3,432.1
IN,Lake,40.6,431.9
AZ,Graham,29.3,430.9
LA,St. Charles,36.5,430.8
IA,Clinton,36,430.7
OK,Kay,36.7,430.5
MS,Tunica,69.3,430.2
MI,Berrien,34.7,430
KS,Leavenworth,24,429.8
OH,Franklin,38,429.3
MO,Chariton,17.3,429.2
NY,Schenectady,32,429.2
TN,Marshall,32.3,429.1
NJ,Atlantic,39.6,428.8
NC,Pitt,38.9,428.5
TN,Robertson,26.4,428.4
MA,Barnstable,27.9,428.3
NC,New Hanover,35.2,428.3
IA,Muscatine,29.5,428
OK,Pottawatomie,33.5,428
GA,Terrell,62.9,427.8
SC,Chesterfield,38.8,427.5
TN,Hamblen,34,427.3
FL,Volusia,38.4,426.5
IL,Pulaski,36.2,426.3
SC,Spartanburg,35.6,426.3
TX,Cherokee,35.7,426.2
CA,Monterey,30.8,425.4
GA,Wilkes,47.5,424.4
GA,Atkinson,46.9,424.3
MN,Hennepin,28,424.2
CA,Los Angeles,32.6,423.8
MS,Panola,45.5,423.7
TN,Coffee,28.2,423.7
GA,Richmond,54.4,423.4
IN,Montgomery,27,422.7
TX,Webb,35.2,422
FL,Okeechobee,37.8,420.6
CO,Huerfano,33.1,420.3
CA,Mariposa,33.1,419.3
CA,Glenn,27.7,419.2
NC,Guilford,38.6,419.1
AL,Wilcox,56.8,418.7
TN,Lincoln,35,418.6
SC,Calhoun,36.9,418.3
TX,Hockley,25.6,417.6
TX,Robertson,31.4,416.6
LA,Vermilion,37.1,416.5
GA,Dade,24.5,416.2
FL,Suwannee,39.1,415.9
TX,Hunt,27.8,415.5
AL,Tuscaloosa,35.2,415.4
TX,Grimes,41.2,415.4
VA,Lynchburg City,44,415.4
AL,Walker,35.5,414.9
GA,Toombs,40.3,414.9
TN,Hardin,30.3,414.7
SD,Bennett,59.3,413.7
GA,Coffee,40.7,413.3
TX,Wharton,34.4,412.5
GA,Camden,30.8,411.7
TX,Tarrant,31,411.1
VA,Hopewell City,50.2,410.8
MO,Buchanan,35.8,410.6
SC,Dorchester,32.6,410.6
GA,Ware,46.5,410.5
TN,Meigs,24.2,409.4
CA,San Bernardino,33.6,409.1
TX,Childress,27.1,409.1
FL,Jackson,43.6,408.4
AL,Montgomery,48.7,407.7
CO,Clear Creek,17.7,407.6
IA,Marshall,26.2,407.1
SC,Charleston,36.3,406.7
NJ,Hudson,38.7,406.4
LA,Acadia,36,406.2
TN,Monroe,22,406.1
GA,Crisp,52,405.4
TN,McNairy,32.2,404.9
MA,Plymouth,26.1,404.4
FL,Dixie,37.9,404
AZ,Maricopa,32.1,402.5
IL,Washington,24,402.5
NM,De Baca,23.4,402.3
NJ,Mercer,27.5,401.9
LA,Richland,42.6,401.5
TN,Sequatchie,27.6,401.2
GA,Screven,42.4,401.1
PA,Allegheny,29.9,401.1
CA,Lassen,30.9,400.8
GA,Ben Hill,48.2,400.7
KS,Harvey,23.3,398.5
FL,Hamilton,45.6,397.4
GA,Chatham,43.4,397.1
TN,Putnam,32.1,396.7
NC,Alamance,37.2,396.4
MO,Iron,30.2,396.2
AR,Perry,17.2,396
AR,Drew,35.2,395.7
GA,Dodge,45.7,394.9
TX,McLennan,35.6,394.8
CA,Santa Cruz,25.7,394.1
SC,Abbeville,34.4,394
NC,Wilson,44.1,393.9
TN,Dickson,24.3,392.3
ND,McKenzie,25.7,392.2
TX,Floyd,30.4,392.2
TX,Wichita,35.8,392.1
MO,Jasper*,27.3,391.9
AR,Ouachita,45.6,391.4
TX,Taylor,34,390.9
TN,Decatur,36.5,390.1
AL,Houston,41.9,389.8
OK,Bryan,30.4,389.7
TX,Bell,31.3,389.4
NC,Wayne,40.8,388.8
GA,Colquitt,41.4,388
TN,Trousdale,28,387.3
CA,Yuba,31.6,386.9
LA,Livingston,31.3,386.7
KS,Barton,29,385.7
MO,Dunklin,42.6,385
IN,Vanderburgh,38.5,384.8
TX,Uvalde,39.3,384.5
NC,Gaston,36.2,383.9
AL,Cherokee,31.3,383.6
TX,Walker,29.5,383.4
MD,Worcester,32.8,383.3
LA,Claiborne,55.1,383
MA,Essex,31.8,382.2
GA,Newton,39,381.8
MI,Jackson,36.2,381.7
CA,San Benito,29.6,381.6
CT,New Haven,34.1,381.3
NM,Quay,41.9,381.2
LA,Webster,43,380.9
MO,Polk,29.5,380.8
TN,Lewis,30.4,380.4
CA,Sierra,16,380.1
CO,El Paso,26.1,380.1
FL,St. Lucie,35.9,379.7
CA,San Luis Obispo,23.5,379.3
VA,Franklin City,52.3,379.1
NY,Niagara,37.5,379
GA,Lamar,33.8,378.9
OH,Summit,33.5,378.5
IN,Elkhart,29.3,378.3
MI,Kent,30.5,378.2
MO,Warren,27.8,378.2
IL,Mason,32.1,377.9
OH,Montgomery,41.9,377.6
GA,Lincoln,44.4,377.3
MO,Benton,29,377.1
TX,Morris,27.1,376.9
SD,Hughes,18.4,376.7
LA,Terrebonne,38.1,376.3
UT,Duchesne,15,376.2
PA,Forest,31.2,376.1
AZ,Yuma,30,376
TN,Cumberland,39.5,375.3
VA,Chesapeake City,31.1,374.5
AR,Craighead,42.7,374
FL,Walton,30.5,373.7
MD,Charles,28.7,373.7
TN,Warren,33.9,373.5
TX,Lamar,41.3,373.4
LA,Bienville,39.5,373.3
WV,McDowell,41.3,372.6
NV,Washoe,30.8,372.4
GA,Clarke,40.6,371.8
WV,Mercer,37.1,371.8
MA,Franklin,31.3,371.6
GA,Oglethorpe,29.3,371.5
NV,Elko,22.5,371.4
AR,Boone,29.3,370.9
VA,Danville City,52.7,370.2
KS,Russell,29.5,369.4
AL,Talladega,42.6,368.8
KS,Scott,5.4,368.5
AK,Valdez-Cordova,21.7,368.3
SC,Saluda,37.2,368.3
IL,Macon,40.5,366.7
GA,Liberty,37.7,366.5
NV,Nye,27.7,366.4
KS,Cowley,32.2,366.1
VA,Martinsville City,53,366.1
CA,Contra Costa,23.2,366
CO,Alamosa,25.3,365.9
KS,Harper,25.4,365.3
TX,Brazos,31.4,364.7
MO,Cape Girardeau,28.5,364.6
MO,Clinton,33.8,364.6
TX,El Paso,33.9,364.4
AR,Poinsett,47.3,363.8
AK,Ketchikan Gateway,32.1,363.4
GA,Elbert,29.5,363.3
SC,Newberry,41.3,363
NE,Gage,21.4,362.8
AL,Dale,33.2,362.6
CA,Sonoma,28,362.6
NJ,Union,30.4,362.6
WA,Spokane,27.8,362.6
KS,Labette,32.4,361.8
TN,Obion,39.4,361.6
GA,Lanier,43.3,361.4
TN,Bedford,33.8,361.2
AL,Jackson,28.6,361
FL,Baker,27.4,360.1
KY,Fayette,35.5,359.8
GA,Floyd,35,358.7
NV,Eureka,11.7,358.7
AZ,La Paz,40.1,358.6
WV,Wirt,30.7,358.6
OR,Wheeler,13.8,358.3
IL,Calhoun,14.3,357.8
TX,Rusk,30.9,357.7
GA,Hart,34.8,357.6
TX,Navarro,38.1,357.5
GA,Worth,43.2,357.3
MO,Morgan,25.8,357.1
TN,Washington,29.4,356.7
FL,Citrus,37.8,355.7
FL,Polk,38.3,355.7
NC,Pasquotank,43.3,355.1
OH,Butler,28.6,354.7
MN,Mahnomen,49.7,354.3
ID,Shoshone,30.1,352.6
LA,Lincoln,39.9,352.6
TN,Stewart,20.3,352.6
AL,Clay,36.7,352.2
LA,Assumption,39.7,350.2
WV,Gilmer,23.5,350.2
WY,Sweetwater,25.9,350.2
MO,Boone,27.1,350.1
PA,Lawrence,34.7,350.1
UT,Salt Lake,20.1,349.8
CT,New London,34.4,349.7
SD,Minnehaha,30.4,349.7
CA,San Diego,26.4,348.8
AZ,Gila,41.2,348.7
TX,Dimmit,45.3,348.6
KS,Ford,31.1,347.5
TX,Pecos,16.7,347.3
MT,Musselshell,23.8,346.9
MT,Toole,25.2,346.6
NC,Rowan,37.6,346.5
MT,Broadwater,15.4,346.1
AL,Chilton,28.7,345.8
WV,Hampshire,37.1,345.8
MO,Cedar,32.1,345.7
MO,Laclede,30.1,345.7
TX,Travis,28.7,345.7
TX,Camp,24.7,345.6
SC,Aiken,38.6,345.5
AL,Franklin,36.9,345.3
NY,Monroe,38.6,344.7
MS,Warren,47.8,344.3
KS,Saline,33.5,344.2
TX,Angelina,38.3,344
TX,Harrison,31.7,343.9
IL,Rock Island,39.8,343.4
NE,Lancaster,26.4,343.4
IA,Washington,23.5,343.3
IN,Martin,30.3,343.2
LA,Bossier,37.2,342.6
AL,Geneva,37.8,342.5
IN,St. Joseph,34.5,342.4
TX,Shelby,29.1,342.4
MS,Lauderdale,45.3,342.3
FL,Seminole,28.2,342.1
MT,Fergus,39.9,341.7
NY,Onondaga,35.4,341.5
SC,Lexington,29.6,341.3
CA,Napa,22.8,340.8
OH,Clark,40.5,340.8
FL,Lee,39,340.5
MO,Linn,39.1,340.4
AZ,Navajo,40.6,339.6
KS,Seward,32.4,339.6
WV,Putnam,24.5,339.4
FL,Hillsborough,37,339.1
VA,Galax City,43.4,338.7
TX,Jasper,29.3,338.2
NV,White Pine,19.5,338
TN,Greene,28.6,338
FL,Clay,27.1,337.6
TX,Smith,28.4,337.6
SC,Cherokee,42,337.5
AZ,Coconino,32,337.3
TX,Henderson,29.4,335.9
KS,Ellis,28.3,335.4
NV,Humboldt,29.6,334.9
SC,Berkeley,31.5,334.7
MO,Phelps,26.7,334.5
IN,Dubois,17.2,334.3
MO,Henry,30.5,334
GA,Rockdale,43.4,333.9
IL,Crawford,25.5,333.9
IN,Jennings,28.9,333.7
TX,Orange,33,333.6
LA,West Baton Rouge,41.8,333.4
CA,Santa Barbara,28.8,333.3
GA,Bacon,39.1,333.2
IL,Warren,30.4,332.8
IN,Shelby,30.5,332.5
NY,Albany,32,332.2
WA,King,22.4,332.1
CA,Humboldt,39.1,332
CA,Nevada,24.1,332
CO,Adams,28.3,332
TX,San Patricio,34,331.8
AL,DeKalb,30.4,331.2
AR,Marion,34.3,331
RI,Providence,41.8,331
SC,Pickens,28.3,330.8
AR,Franklin,18.5,330.7
OK,Garfield,27.4,330.2
GA,Irwin,42.2,329.9
GA,Stephens,28.7,329.6
FL,Highlands,31,329.4
OR,Lake,15.8,329.3
IL,Massac,35.1,329
AL,Barbour,54,328.7
NC,Beaufort,32,328.7
MO,Cole,29.8,328.4
NC,Washington,63.6,328.4
KS,Mitchell,21,328.1
TX,Hansford,14.9,327.9
MO,Pettis,25.3,327.8
TX,Mitchell,33.9,327.6
VA,Bristol City,43.4,327.6
GA,Thomas,42.7,327.4
MI,Luce,27.3,326.9
OR,Lincoln,37.6,326.9
OK,Cleveland,26.8,326.6
OK,Adair,36,326.5
GA,Houston,36,326.4
OR,Jackson,35.6,326.4
KS,Pratt,23.2,326.3
NE,Kimball,36.2,326.3
IA,Woodbury,38,326.2
PA,Monroe,29.9,326.2
TN,Campbell,32.4,326.1
IA,Polk,29.7,325.9
ID,Valley,16,325.8
NC,Hertford,51.4,325.4
TN,Giles,28.7,325.4
CO,Mesa,34.9,325.2
AR,Crawford,30.5,324.3
AR,Saline,24.2,324.3
TX,Cass,39.8,324
TX,Matagorda,40.8,323.9
TX,Bastrop,23.5,323
MD,Allegany,31.1,322.6
IL,Adams,29.1,322.1
VA,Manassas City,21.9,322.1
IL,Knox,39.1,321.9
IL,Kankakee,36.6,321.7
MA,Nantucket,27.6,321.5
AL,Coffee,36.9,321.2
MT,Lewis and Clark,29.4,320.9
MO,Pulaski,23.4,320.6
NM,Dona Ana,35.2,320.4
IL,Richland,31.4,320.1
KS,Crawford,29.2,320
TX,Kent,17.1,319.9
TX,Anderson,33.2,319.8
NM,Sierra,50.9,319.7
SD,Davison,29.7,319.5
TX,Winkler,34.7,319.5
PA,Berks,34.7,319.2
WV,Hardy,42.2,319
GA,Randolph,64.6,318.8
MI,Wexford,34.4,318.8
KS,Barber,22.9,318.6
PA,Indiana,19.9,318.6
PA,Montour,25.7,318.4
MT,Yellowstone,26.5,318.3
MT,Deer Lodge,35,318.2
OK,Tillman,32.7,318.2
TN,Franklin,29.1,318
TN,Anderson,37.2,317.7
CA,Yolo,26.3,317.4
IL,McLean,22.6,317.4
FL,Lake,34.5,317.3
MD,Caroline,39.7,317.3
MA,Berkshire,37.5,317.2
MS,Jefferson,71.8,316.4
MO,St. Clair,24.8,316.3
NC,Chowan,48,316.3
OH,Mahoning,41.3,316.1
TX,Limestone,35.3,316.1
MO,Ste. Genevieve,26.3,315.7
TN,Marion,31.3,315.5
IA,Mills,20.4,315.2
MS,Clay,55.3,315.1
IL,Saline,41,314.8
TX,Donley,37.6,314.7
OK,McCurtain,41.5,314.5
AR,Faulkner,26.6,314.3
NM,Santa Fe,39.8,314.3
AR,Greene,25.2,313.9
MD,Kent,34.7,313.8
TX,Aransas,29.6,313.6
MT,Golden Valley,43.2,313
KS,Douglas,26.5,312.9
TN,Wilson,21.6,312.7
IA,Boone,28.9,312.5
IL,Franklin,33.4,312.4
TX,Panola,25.4,312.3
NC,Granville,35,311.9
TX,Hidalgo,31.7,311.9
MS,Claiborne,68.9,311.8
TX,Hemphill,33.2,311.7
LA,La Salle,30.8,311.2
MO,Barton,34.2,311.1
CA,Imperial,31.8,311
TX,Midland,28,311
OK,Caddo,35.2,310.8
CO,Gilpin,8.7,310.5
GA,Quitman,44.9,310.4
AR,Lonoke,24.6,309.8
TX,Brown,23.7,309
TN,Blount,23.6,308.9
GA,Gordon,28.7,308.8
TN,Union,26.1,308.7
IA,Buena Vista,30.6,308.6
TX,Dawson,26.5,308.5
VA,Henry,39.3,308.2
TN,Cheatham,26.4,308.1
NM,Torrance,24.3,307.9
NC,Stokes,31.3,307.9
WV,Mingo,27.3,307.8
MI,Crawford,36.7,307.7
TN,Rhea,33.4,307.6
GA,Lee,25.9,307.5
MI,Clare,32.1,307.2
ND,Cass,27.9,307.2
MI,St. Joseph,30.5,307.1
GA,Jasper,30.4,306.8
TN,Sevier,32.3,306.8
MN,Cass,33,306.4
TN,Henry,31.8,306.4
AR,Clark,37.1,306.3
HI,Kauai,24.5,306.3
CA,Sutter,27.6,305.9
KS,Hamilton,12.7,305.6
MT,Powell,37.3,305.6
KS,Thomas,14.5,305.3
TX,Upshur,22.1,303.6
GA,Johnson,40.7,303.4
OH,Stark,35,302.7
VA,Suffolk City,34.4,302.7
IA,Warren,28.3,302.5
AL,Bullock,73.9,302.3
NM,Hidalgo,29.1,302.3
GA,Meriwether,39.1,302.1
WA,Cowlitz,32,301.8
GA,Walton,31.3,301.5
GA,Douglas,31.5,301.2
TX,Zapata,38.4,301.2
MI,Van Buren,30.1,300.7
FL,Union,39.1,300.4
ID,Kootenai,28.3,300.2
NC,Yadkin,28.9,300.1
IN,Lawrence,27,300
IL,Edgar,32.7,299.8
TX,Baylor,21.8,299.5
TX,Live Oak,22.7,299.4
WY,Teton,24.6,299.4
WI,Ashland,32.4,299.3
MI,Mason,38.5,298.9
MI,Washtenaw,25,298.9
OK,Grady,22.5,298.9
NC,Swain,45.3,298.7
TX,Hartley,14,298.7
WA,Adams,26.7,298.7
CA,Butte,30.2,298.6
IA,Appanoose,21.4,298.5
MO,Ripley,23.9,297.9
TN,Hickman,32.5,297.8
CO,Arapahoe,27.9,297.7
MO,St. Louis,31.3,297.7
TX,Wilbarger,46.5,297.7
MD,Garrett,20.3,297.5
WA,Yakima,36.8,297.5
NY,Rensselaer,32.4,297.4
MI,Baraga,27.4,297.3
KS,Wichita,21.5,297.2
FL,Pasco,30.4,296.5
TN,Roane,19.8,296.5
MS,Washington,65.1,296.2
FL,Indian River,31.3,295.9
FL,Holmes,35.4,295.8
KS,Cherokee,16.7,295.6
MI,Bay,34.6,295.6
CO,Weld,22.3,295.5
KS,Kearny,21.2,294.7
TX,Terry,30.7,294.5
MI,Newaygo,24.2,294.4
MO,Callaway,28.7,294.2
MI,Macomb,27.8,293.5
TX,Caldwell,29.8,293.4
CT,Hartford,34.4,293.2
FL,Glades,38.4,293.1
MT,Missoula,27.8,292.6
PA,Beaver,32.5,292.6
WA,Grant,26.3,292.3
VA,Winchester City,39.7,291.9
MO,Shannon,23,291.8
ID,Benewah,26.6,291.7
KS,Atchison,25.5,291.7
AK,Aleutians West,29,291.6
TX,Fisher,13.8,291.5
FL,Lafayette,18,290.8
IL,Pope,27.1,290.8
AL,Marion,26.7,289.7
UT,Iron,19.2,289.5
AZ,Yavapai,27.4,289.4
FL,Sarasota,32.2,289
SC,Jasper,44.8,288.8
TN,White,24.3,288.7
NC,Carteret,31.5,288.6
GA,Carroll,34.3,288.4
AR,Yell,36.4,288.3
IA,Emmet,28.7,288.3
IA,Hamilton,23,288.2
NC,Duplin,38.9,288.2
NC,Northampton,67.8,288
OK,Mayes,30,287.9
MT,Silver Bow,33.6,287.7
TX,Moore,26.2,287.7
TN,Perry,23.1,287.1
SD,Beadle,24.4,287
IL,Edwards,28.2,286.5
TX,Nacogdoches,30.4,286.1
AR,Ashley,30.3,286
FL,Hernando,36.9,286
GA,Laurens,45.4,285.8
NY,Broome,36.8,285.8
NM,Union,34.1,285.4
HI,Maui,30.2,285
MI,Lake,36.7,284.7
WV,Monongalia,24.9,284.5
GA,Dooly,37.7,284.2
TN,Jefferson,26.1,284.1
GA,Washington,47.8,284
IL,Marion,37.1,284
WV,Fayette,36.1,284
OR,Malheur,35.2,283.5
TX,Jones,32.7,283.5
PA,McKean,41.9,283.3
TN,Houston,30,283
TX,Polk,38.4,283
IN,Allen,33.1,282.8
IN,Wayne,37.3,282.7
CA,Riverside,27.8,282.6
TX,Roberts,31.9,282.3
MO,Ozark,31.9,282
MO,Reynolds,24.7,282
TX,Lamb,31.4,282
MO,Madison,17.2,281.6
TX,Starr,40.9,281.4
NM,Los Alamos,16.2,280.9
TX,Tom Green,31.4,280.5
MD,Washington,31,279.6
CA,Amador,31.2,278.9
LA,Union,44.2,278.7
NM,Lincoln,23.8,278.7
IA,Fayette,30.7,278.6
TX,Red River,29.9,278.5
NC,Haywood,33.1,278.4
AL,Henry,27.5,278.3
AR,Madison,18.3,278.2
IL,Montgomery,34,278
GA,Upson,35,277.7
LA,St. Martin,36.8,277.4
NC,Catawba,29.2,277
MD,Somerset,48.3,276.9
IN,Monroe,29.1,276.7
MS,Jackson,34.9,276.5
IL,Hardin,19.7,276.2
WY,Carbon,26.6,276
PA,Clearfield,28.4,275.8
AL,Elmore,30,275.6
GA,Troup,46.1,275.6
KS,Sumner,22,275.4
FL,Levy,39.1,275.2
MT,Flathead,22.7,275.1
AR,Newton,14.2,275
AL,Lee,32,274.7
NH,Hillsborough,26.6,274.7
NC,Pamlico,35.8,274.3
GA,Bleckley,47.1,274.1
MI,Oscoda,26.5,274.1
IA,Montgomery,36,273.8
NC,Craven,33.5,273.7
AL,Covington,33.1,273.1
TX,Waller,27.9,273
WV,Morgan,15.2,273
NV,Lyon,31.6,272.8
TX,Comal,24.1,272.8
GA,Wilcox,37.9,272.5
MI,Montcalm,32.1,272.5
FL,Wakulla,32.4,272.3
IL,Cass,33.3,272.1
IN,Delaware,35.6,272.1
WV,Wood,35.1,272
KS,Franklin,22.8,271.9
NC,Harnett,29.1,271.6
TX,Swisher,35.9,270.8
FL,St. Johns,19.6,270.6
AR,Columbia,41.9,270.3
TN,Unicoi,22.6,270.3
ID,Lincoln,13,269.9
MO,Dallas,22.7,269.3
MO,Marion,38.2,269.3
CA,Siskiyou,34.4,269.2
IL,Clark,31.3,269.2
AR,Monroe,60.6,269.1
LA,Sabine,32.9,268.7
KY,Franklin,36.6,268.5
NM,Otero,36.1,268.5
AR,Pope,26.7,268.4
IL,DeKalb,31.6,268.4
IN,Tippecanoe,29.4,268.2
AL,Lauderdale,33.2,268.1
WA,Kitsap,25.3,267.9
KS,Pawnee,35.1,267.6
KS,Grant,16.8,267.4
IA,Johnson,25.7,267.1
KS,Morton,29.9,267
PA,Luzerne,39.6,266.9
GA,Cobb,29,266.6
IA,Henry,32.3,265.9
SD,Clay,28,265.9
AL,Autauga,22.4,265.7
MI,St. Clair,29.3,265.6
TN,Macon,24.5,265.6
TX,Borden,8.3,265.4
WY,Goshen,24.3,265.3
AR,Van Buren,36.9,265.1
FL,Flagler,32,265
IL,Logan,32.9,265
MO,Barry,27.4,264.9
TX,Sabine,45.3,264.9
MO,Dade,27.6,264.4
OK,Sequoyah,34.7,264.4
AL,Washington,34.2,264.3
CT,Fairfield,23.3,264
AL,Lawrence,27.8,263.9
OK,Woodward,24.7,263.8
TX,Grayson,34,263.7
ND,Burleigh,23.4,263.4
MS,Bolivar,61,263.3
MD,Harford,24.1,262.9
WV,Marshall,29.6,262.6
NC,Iredell,29.5,262.4
OK,Jackson,30.2,262.3
TN,Chester,33.7,262.2
TX,Lee,26.2,262.2
WA,Clallam,33.6,262
MO,Ray,30.2,261.8
TX,Washington,31.6,261.8
KS,Sherman,35.2,261.7
TX,Fort Bend,19.6,261.5
MS,Adams,58.7,261.3
SD,Marshall,29.3,261.3
TX,Deaf Smith,30.1,261.3
TX,Galveston,27.8,261.1
TX,Zavala,65.1,260.9
LA,Ascension,30.7,260.6
GA,Lowndes,38.1,260.3
FL,Hardee,36.9,260.2
KS,Stafford,16.6,260.1
WV,Cabell,36.3,260.1
TN,DeKalb,33.2,260
GA,Seminole,44,259.9
NC,Bladen,53.1,259.9
MI,Roscommon,42,259.8
WI,Brown,28.9,259.5
OK,Osage,30.4,259.4
NC,Person,42.5,258.7
MO,St. Francois,27.2,258.6
TN,Sumner,28.3,258.6
TN,Lake,45.6,258.3
NC,Dare,27.5,257.5
TN,Smith,24,257.3
AR,Polk,31.1,257.2
MI,Ogemaw,37.7,257.2
NJ,Salem,40.2,257.2
LA,Jackson,41.8,257
NV,Carson City,38.2,257
IN,Johnson,27.2,256.3
MI,Monroe,26.2,256.2
ND,Mountrail,34.8,256.2
GA,Telfair,46.1,256.1
WV,Mineral,33.2,256.1
MO,Howell,30.9,256
TX,Chambers,13.7,255.9
LA,Vernon,23.1,255.8
CA,Calaveras,31.3,255.7
NY,Oneida,39.4,255.2
KY,Scott,23.9,255.1
UT,Kane,12.1,255.1
IL,Wayne,19.5,255
IA,Marion,17.1,254.9
MS,Pike,56.4,254.8
MI,Alpena,30.7,254.7
TN,Wayne,26.7,254.5
WV,Harrison,30.1,254.5
MD,Frederick,22.6,254.3
MS,Lowndes,41.8,254.2
NE,Hall,35.1,254.1
NY,Orange,20.2,254
CA,Santa Clara,19,253.9
AR,Scott,36.1,253.8
CA,Mono,14.4,253.8
NJ,Cape May,23.7,253.7
GA,Mitchell,44.1,253.5
MI,Schoolcraft,39,253.5
IN,Kosciusko,23.8,253.1
WI,Iron,32.5,253.1
CO,Kit Carson,24.1,253
GA,Taliaferro,49.3,253
TX,Titus,23.2,253
GA,Taylor,36.3,252.9
TN,Weakley,32.1,252.8
AR,Bradley,50,252.4
TX,Tyler,23.4,252.4
IN,Howard,36.3,252.1
TX,Cameron,37,252.1
IL,Johnson,25.1,252
WV,Barbour,35.8,251.8
KS,Lane,19.7,251.6
IL,Douglas,21,251
MI,Chippewa,31.5,251
SD,Lincoln,16.5,251
TN,Hawkins,30.2,250.3
GA,Greene,42.2,250.1
WV,Marion,33.6,250
GA,Miller,39.2,249.8
MS,Harrison,39.8,249.6
IA,Mahaska,29.5,249.2
MA,Hampshire,28.3,248.9
MS,Franklin,39.4,248.9
HI,Hawaii,33.3,248.8
MT,Glacier,37.1,248.6
TX,Hays,24.1,248.6
AR,Cleburne,28.4,248.3
TN,Fayette,29.1,248.1
OK,Garvin,26.1,248
FL,Collier,32.4,247.3
MT,Cascade,30.8,247
TX,San Jacinto,33.4,246.9
ID,Twin Falls,22.6,246.8
MN,Pine,28.7,246.8
IA,Lucas,24.4,246.7
ID,Bannock,23.8,246.6
MI,Mackinac,31.7,246.4
KS,Neosho,32.3,246.2
OR,Lane,33,246.2
KS,Anderson,22.6,246
MS,Jones,44.8,245.9
TN,Overton,22,245.8
WA,Jefferson,23,245.6
SD,Yankton,27.5,245.4
WV,Boone,33.6,245.1
GA,Whitfield,27.3,244.9
VA,Mecklenburg,37,244.7
NC,Wake,24.9,244.6
IA,Wapello,31.8,244.5
TN,Jackson,36.1,244.4
MO,Caldwell,23.1,244.3
IN,Jackson,27.3,244.2
WV,Tyler,30.1,244
AR,Benton,21.9,243.9
KS,Wilson,37.4,243.9
SC,McCormick,57.1,243.8
TX,San Augustine,41.1,243.7
ID,Jerome,16.7,243.6
AR,Carroll,26.6,243.1
IN,Scott,22.2,243.1
NC,Buncombe,30.1,243
TN,Morgan,32.3,242.8
MN,St. Louis,32.3,242.7
FL,Gilchrist,25.5,242.6
AL,Winston,25.5,242.5
PA,Lehigh,35.7,242.3
MO,Adair,22.8,242.1
TN,Scott,33.1,242
VA,Colonial Heights City,37,242
AR,Logan,26.4,241.8
VA,Hampton City,47.9,241.8
MO,Macon,33.7,241.6
SD,Codington,27.3,241.3
MI,Sanilac,25.4,241
OK,Harmon,25.8,241
KS,Rush,16.5,240.7
UT,Grand,36.4,240.7
MI,Kalkaska,28.1,240.5
PA,Erie,37.4,240.4
CO,San Juan,44.7,240.2
OR,Polk,23.8,240.1
TX,Austin,27,240.1
MI,Gladwin,29.7,239.7
LA,Caldwell,32.5,239.6
WY,Park,23.3,239.5
HI,Honolulu,21.8,239.4
OH,Licking,28.6,239.2
GA,Crawford,37.9,239
AR,Little River,31.9,238.9
MI,Osceola,36,238.7
OK,Wagoner,25.8,238.1
CO,Fremont,35.3,237.9
CO,Lake,25.8,237.7
KY,Christian,26.7,237.7
NY,Sullivan,36.3,237.7
GA,Gilmer,30,237.4
WA,Franklin,32.8,237.2
PA,Carbon,33.2,237.1
OH,Trumbull,39.5,236.8
NY,Westchester,24.4,236.5
AR,Conway,37.3,236.4
NM,Sandoval,29.1,236.1
TX,Reeves,19.4,236.1
WI,Polk,29.1,236
IA,Page,24.7,235.9
FL,Washington,33.6,235.7
OH,Sandusky,38.9,235.7
MO,Oregon,38.6,235.6
TX,Jack,19,235.4
ID,Canyon,25,234.9
OR,Marion,31.8,234.9
TX,Brooks,51,234.8
WA,Asotin,30.1,234.6
MO,Wright,28.1,234.4
VA,Waynesboro City,46.9,234.2
ND,Grand Forks,31.5,234.1
UT,Weber,21.9,233.9
KS,Linn,25,233.7
WI,Rock,37.3,233.4
WY,Converse,23.3,233.3
NH,Strafford,28.7,233.2
ND,Morton,20,233
FL,Martin,27.7,232.5
IN,Posey,23.8,232.2
MI,Tuscola,23.9,232.2
OK,Stephens,27.8,232.1
PA,Blair,30.5,232.1
IN,Vigo,38.6,231.8
NY,Chautauqua,35.7,231.8
AR,Stone,29.4,231.5
MD,St. Mary's,24,231.5
OK,Johnston,41.4,231.5
IL,White,26.5,231.4
MI,Shiawassee,27.9,231.2
GA,Butts,33.3,231
VA,Nottoway,36.4,231
NC,Warren,42.2,230.9
OK,Pawnee,31.7,230.7
WA,Mason,37.3,230.7
WI,Dane,25.4,230.7
KS,Riley,23.4,230.3
IL,Tazewell,22.7,230.2
UT,Millard,19.2,230.2
PA,Mercer,30.4,230
MO,Miller,35.6,229.7
MT,Richland,24.5,229.7
MT,Stillwater,11.5,229.7
MD,Talbot,37.8,229.4
VA,Pulaski,30.9,229.3
IA,Bremer,14.2,229.2
IL,Ford,26.8,229.1
MI,Iosco,31.2,228.5
MT,Dawson,34.6,228.1
IL,Coles,32.9,227.9
OK,Le Flore,29.5,227.9
UT,Carbon,24.7,227.9
CA,El Dorado,21.6,227.6
CA,San Mateo,19.2,227.6
KS,Ness,25.3,226.9
OK,Custer,27.4,226.9
PA,York,31.3,226.9
SD,Brown,25,226.9
ND,Ward,21.2,226.7
MI,Branch,25.9,226.4
OH,Marion,33.6,226.3
IA,Palo Alto,25.2,226.1
MI,Manistee,32,226
OK,Choctaw,44.1,225.9
TX,Kaufman,24.5,225.9
NC,Clay,25,225.4
OK,Cherokee,35.3,225.3
PA,Northumberland,32.6,225
PA,Snyder,23.6,225
NC,Rockingham,39.8,224.9
OK,Ottawa,37.1,224.9
GA,Baker,24.3,224.5
VA,Dinwiddie,38.2,224.5
VA,Surry,28.9,224.4
NC,Surry,27.5,224.2
TX,Menard,34.6,224.2
TN,Carroll,29.4,224.1
OK,Payne,28.2,224
AR,Lafayette,47.7,223.7
OR,Crook,27.6,223.7
CO,Jefferson,24.5,223.4
GA,Pierce,38.5,223.4
KS,Clay,21.5,223.4
PA,Warren,25.1,223.4
TN,Hancock,27.2,223.4
NY,Greene,26.8,223.3
GA,Fannin,24.4,223.2
MO,Washington,26.9,222.7
GA,Catoosa,22.1,221.9
ID,Ada,24.7,221.8
AR,Grant,23.4,221.7
KY,Fulton,41.8,221.7
CO,Logan,35.5,221.6
IL,McDonough,30.7,221.5
VA,Essex,38.2,221.5
MN,Mille Lacs,33.2,221.4
WV,Braxton,23.5,221.3
NC,Stanly,32.4,221.2
AL,Pickens,45.9,221.1
ID,Butte,15.4,221.1
KS,Pottawatomie,13.4,220.9
MN,Mower,35.3,220.9
IA,Adams,13.8,220.8
MN,Beltrami,43.3,220.6
VA,Norton City,43.4,220.6
NH,Belknap,28.3,220.4
CA,Tuolumne,23.7,220.2
MS,Marion,35.6,220.1
KS,Doniphan,24.3,219.9
OK,Washington,30.4,219.8
OR,Klamath,31.9,219.6
FL,Charlotte,33.2,219.5
MI,Allegan,19.2,219.3
OR,Josephine,35.1,219.2
OK,Nowata,32.3,219
TX,Madison,26,219
NC,Jackson,40.6,218.9
UT,Tooele,16,218.8
ID,Elmore,22.3,218.5
KY,Kenton,35.4,218.5
MD,Queen Anne's,20.8,218.4
GA,Murray,24.5,218.3
ND,Stark,16.5,218.3
IL,Madison,30.9,217.9
KS,Allen,28.6,217.5
NC,Wilkes,27,217.4
AL,Baldwin,21.7,216.8
TX,Maverick,32.3,216.8
MI,Lenawee,32.8,216.5
OR,Baker,21.6,216.4
TN,Fentress,24.8,216.3
TN,Humphreys,31.4,216.3
NC,Caswell,31.3,216.1
TX,Cooke,27.7,215.9
IL,Union,27.7,215.6
WV,Wayne,33.7,215.5
KS,Butler,21.7,215.2
TX,Colorado,27.4,215.2
WV,Preston,25.4,214.9
LA,Jefferson Davis,39.5,214.8
WI,Douglas,37.7,214.8
KS,Woodson,26,214.7
WA,Walla Walla,26.6,214.6
TN,Van Buren,15.6,214.3
OK,Washita,26.7,214.1
IA,Linn,26.8,214
WA,Thurston,27.8,214
WA,Benton,29.4,213.9
TX,Refugio,36.7,213.6
IL,Mercer,21.8,213.5
NY,Dutchess,24.7,213.5
OK,Kiowa,37.6,213.4
OR,Deschutes,25.1,213.4
KY,Warren,31.7,213.2
NY,Herkimer,33.6,213.1
GA,Grady,50.4,213
WI,Juneau,25.5,212.7
AL,Marshall,33.5,212.4
MT,Big Horn,35,212.4
ID,Payette,15.7,212.3
MN,Blue Earth,26.8,212.3
ND,Stutsman,34.2,212.3
TX,Burnet,39.9,211.9
IA,Poweshiek,29.2,211.8
KS,Jefferson,21.1,211.8
WI,Burnett,36.4,211.7
AL,Blount,25.9,211.6
OK,Blaine,31.1,211.5
MI,Keweenaw,43.9,211.4
NC,Union,18.5,211.3
WA,Grays Harbor,38.7,211.1
LA,East Feliciana,44.6,210.8
TN,Polk,22.8,210.8
CO,Saguache,15.9,210.7
GA,Gwinnett,26.1,210.7
CO,Boulder,22.9,210.5
NC,Sampson,32,210.5
NM,Colfax,40.9,210.4
MO,Audrain,32.5,210.2
TX,Hill,29.6,210
TX,Milam,33.4,209.9
OK,Creek,26.1,209.7
WI,Racine,35.2,209.7
AR,Nevada,23.9,209.6
IL,Livingston,32.7,209.6
MA,Dukes,29.5,209.6
PA,Greene,36.2,209.3
NH,Carroll,24.8,209.2
SD,Roberts,44.7,209.2
TN,Carter,32.2,209.2
AR,White,27.7,209.1
IN,Madison,35.9,209.1
OH,Richland,35.8,209.1
IN,Pulaski,23.6,208.9
NY,Seneca,27.5,208.9
MO,Jefferson,28.3,208.8
KY,Taylor,49.9,208.7
MO,Camden,27.9,208.7
VA,Harrisonburg City,34.7,208.7
CA,Trinity,37.5,208.5
GA,Berrien,27,208.5
OK,Okmulgee,41.1,208.2
WA,Clark,23.6,208.2
MN,Clearwater,25.8,208
PA,Perry,23.8,207.8
PA,Lackawanna,35.2,207.7
CO,Larimer,22.9,207.6
NC,Cleveland,39.5,207.6
NE,Box Butte,19.9,207.2
NV,Esmeralda,44,206.9
TX,Cochran,32.6,206.7
WV,Roane,24.3,206.7
MA,Middlesex,19.2,206.6
PA,Fayette,36.6,206.4
MO,Newton*,22.4,206.1
TX,Palo Pinto,38.6,206
AL,Coosa,26.8,205.8
WI,Fond du Lac,25.9,205.8
CO,Teller,35.4,205.6
GA,Cook,34.3,205.6
AZ,Pinal,30.8,205.5
KS,Haskell,19.7,205.4
TN,Benton,29.7,205.4
IN,Warrick,21.7,205.3
CA,Ventura,24.3,205
CO,Gunnison,30.3,204.9
TX,Comanche,31.6,204.9
TN,Loudon,25.9,204.8
OH,Ross,33.8,204.6
MO,Sullivan,30.6,204.4
WA,Skagit,31.2,204.1
CA,Orange,22.5,203.9
VA,Wise,30.6,203.8
NE,Adams,22.4,203.7
MN,Itasca,26.6,203.6
MI,Ottawa,20.5,203.4
OK,Pittsburg,30.8,203.1
MI,Delta,30.1,202.9
NC,Montgomery,29.8,202.9
MT,Lincoln,22.3,202.8
GA,Towns,28.6,202.7
WY,Laramie,30.6,202.5
KY,McCracken,39.5,202
NE,Cheyenne,24.8,202
TX,Cottle,25.2,201.9
TX,Trinity,34.6,201.9
MN,Polk,25.5,201.7
MD,Carroll,19.8,201.6
NY,Chemung,36,201.6
ID,Blaine,34.7,201.5
OK,Pushmataha,31.7,201
WI,Kenosha,34.8,200.9
MD,Howard,19.1,200.4
VA,Halifax,34.2,200
WA,Whatcom,24.4,199.9
IL,Greene,32.5,199.8
CA,Colusa,29.2,199.6
CO,Montezuma,33.3,199.6
NH,Cheshire,30.8,199.6
SD,Butte,21.4,199.4
MI,Missaukee,26.5,199.3
MT,Phillips,10.7,199.2
OK,Murray,32.8,199
LA,Iberia,51.1,198.9
WV,Berkeley,33.9,198.4
MO,Bollinger,26.3,198.2
MI,Isabella,35.9,198.1
MO,Maries,28.3,198.1
UT,Uintah,17.7,197.9
WA,Lewis,33.5,197.9
AZ,Mohave,38.4,197.8
OK,Latimer,31.9,197.3
TX,Hale,33.3,197.3
WY,Natrona,31.3,197.1
IA,Cass,32.7,197
MN,Kanabec,28.5,197
OH,Carroll,22.3,197
MO,Grundy,29,196.6
ID,Clearwater,26.4,196.1
ID,Lemhi,18.4,196.1
NC,Onslow,25.1,196
MO,New Madrid,50.1,195.9
NC,Pender,28.7,195.8
SD,Moody,35.8,195.8
TX,Ochiltree,20.3,195.7
GA,Pickens,23.1,195.6
MI,Oakland,22.6,195.5
CO,Sedgwick,38.9,195.3
MT,Carbon,29.3,195.3
NE,Lincoln,25.2,195.3
IL,Gallatin,35.9,194.9
MS,Forrest,46.2,194.9
NC,Cherokee,28.7,194.8
PA,Cambria,33,194.8
MI,Arenac,29.1,194.6
TX,Eastland,23.9,194.4
MO,Douglas,27.6,194.3
VT,Windham,32.3,194.3
ND,Dunn,22.8,194.1
NY,Cayuga,35.6,194
AL,Hale,47.7,193.9
CO,Archuleta,26.1,193.9
OH,Muskingum,36.4,193.9
OK,Rogers,24.5,193.9
MT,Park,20.7,193.8
AK,Haines,11.1,193.7
NH,Sullivan,37.2,193.6
NV,Mineral,62.2,193.4
MA,Norfolk,16.5,193.1
AR,Johnson,19.9,192.9
ND,Walsh,25.5,192.9
TX,Johnson,25.6,192.9
KY,Campbell,33,192.7
KY,Henderson,39.9,192.7
IA,Lyon,10.6,192.5
TX,Sterling,39.8,192.4
NC,Davidson,30.2,192.3
LA,West Feliciana,43,192.2
IA,Jasper,27,191.8
MI,Hillsdale,27.4,191.8
VA,Spotsylvania,21.7,191.8
AL,Morgan,29.5,191.5
MT,Jefferson,23.7,191.4
LA,St. Bernard,40,191.3
IL,Cumberland,26.3,191.2
KY,Boyle,24.3,191.2
NE,Merrick,26.7,191.2
OK,Lincoln,25,191.2
WA,Snohomish,24.4,191.2
GA,Schley,41.4,191.1
IL,Wabash,20.9,190.9
TX,Hall,43.5,190.9
WI,Adams,31.7,190.9
KS,Greenwood,31.4,190.5
MO,Franklin,27,190.5
OK,Okfuskee,28.1,190.3
TN,Cannon,30.5,190.3
PA,Fulton,26.8,190.2
MI,Oceana,28.6,190.1
NE,Cherry,26.3,190.1
MI,Eaton,28.5,190
KS,Kingman,21.4,189.7
MI,Grand Traverse,25.1,189.5
WA,Okanogan,32.5,189.4
ID,Cassia,22.3,189.1
TX,Freestone,30.2,189.1
GA,Heard,30.1,188.8
MO,Crawford,36.3,188.8
MN,Stearns,27.6,188.5
TX,Guadalupe,24.9,188.4
PA,Lycoming,33,188.2
MO,Lincoln,26.7,188.1
WI,Oneida,20.1,187.5
KS,Miami,25,187.3
GA,Coweta,26.5,187.2
KS,Brown,28.4,187.2
MI,Ionia,28,187.2
OK,Texas,28.4,187.2
CO,Washington,28.4,186.9
MS,DeSoto,29.2,186.9
MT,Gallatin,18,186.9
MT,Custer,24,186.7
NV,Churchill,30.8,186.6
NH,Grafton,32.1,186.5
MO,Webster,18.4,186.3
OH,Guernsey,30,186.3
TX,Van Zandt,23.3,185.8
VA,Prince Edward,32.5,185.5
MI,Alger,25,185.4
WI,Forest,35.7,185.3
CA,Marin,20.9,184.9
AR,Howard,44.8,184.6
TX,Hamilton,27.7,184.5
PA,Washington,25,184.4
GA,Monroe,24.2,184.3
MT,Ravalli,26.2,184.3
KY,Clark,32.7,183.8
ID,Bonneville,17.9,183.7
CO,Bent,25.4,183.3
MO,Perry,23.2,183.3
IL,Fulton,37.3,183.2
MS,Chickasaw,49.3,183
NC,Johnston,29.6,183
WI,Sawyer,42.3,183
PA,Lebanon,30.8,182.7
AL,Randolph,35.1,182.5
NY,Genesee,29.3,182.5
NC,Moore,29.2,182.5
NC,Franklin,29.3,182.3
RI,Newport,28.8,182.1
TX,Stonewall,11.4,182
GA,Candler,49.2,181.9
AR,Izard,17.7,181.8
KS,Rawlins,10,181.5
TX,Bee,38.3,181.3
TX,Crockett,30.4,181.3
MI,Menominee,36.4,181.2
AR,Fulton,34.5,181.1
PA,Schuylkill,30.8,181.1
IN,Grant,39.9,181
NY,Cattaraugus,33.5,180.9
NE,Sheridan,25.8,180.6
TX,Coleman,20.6,180.4
VA,Accomack,38.4,180.4
AL,Shelby,17.7,180.2
ME,Piscataquis,46.3,180
OH,Lorain,35.2,179.7
IN,Clinton,30.6,179.6
TX,Frio,38,179.6
OK,McIntosh,25.3,179.5
CO,Garfield,18.9,179.4
WI,Washburn,26.1,179.4
OK,Seminole,35.6,179.2
GA,Henry,33.6,179.1
AL,Fayette,26.2,178.6
AR,Calhoun,45.3,178.6
MI,Gratiot,36,178.6
GA,Chattooga,31.3,178.5
TX,Kerr,35.1,178.2
IL,De Witt,24.2,177.7
MT,Blaine,29.1,177.6
WA,Garfield,30.5,177.3
MD,Montgomery,23,177.2
UT,Box Elder,16.8,177.2
VA,Buchanan,29.7,177
TX,Atascosa,34.1,176.7
WY,Johnson,24.1,176.7
GA,Union,27.3,176.6
OH,Fayette,43.3,176.6
TX,San Saba,24.9,176.6
AL,St. Clair,24.1,176.4
MO,Wayne,28.5,176.3
IA,Fremont,29.5,176.2
VA,Alexandria City,30.3,176.2
CA,Placer,19.8,175.9
PA,Huntingdon,22.7,175.9
VT,Rutland,28.9,175.7
WV,Jackson,22.2,175.7
VA,Russell,25.1,175.3
CO,La Plata,26.3,174.9
TX,Brazoria,23.2,174.9
NC,Burke,41.4,174.8
TX,Sutton,28.5,174.7
AR,Clay,40,174.6
MT,Sanders,17.8,174.6
OH,Morgan,32.4,174.6
TX,Jeff Davis,2.7,174.6
NH,Coos,36.8,174.5
LA,Franklin,44.6,174.4
NC,Chatham,27.8,174.4
OH,Lake,26.1,174.3
VA,Henrico,32.1,174.1
WI,Winnebago,29.1,173.9
OR,Umatilla,37,173.7
ND,Ramsey,31.4,173.6
FL,Sumter,35.5,173.5
KY,Daviess,31.2,173.5
IN,LaPorte,37.9,173.4
KS,Wabaunsee,11,173.3
PA,Northampton,27.3,173.3
NY,Allegany,30.7,173.2
KS,Jackson,26.2,173
MI,Otsego,27.9,173
KY,Jessamine,35.9,172.9
IL,Marshall,17.6,172.5
CO,Montrose,23.1,172.1
KY,Simpson,26,171.8
MO,Cass,23.5,171.8
KS,Osage,20.7,171.4
CO,Routt,17.4,171.3
VA,Covington City,33.2,171.3
GA,Brantley,31.5,171.2
KS,Edwards,16.6,171.2
NC,Brunswick,35.5,171.2
OR,Douglas,33.8,171.2
GA,Bulloch,37.5,171.1
TX,Coryell,24.4,171.1
TX,Montgomery,21.6,171.1
TX,Denton,20.8,171
IL,Macoupin,29.4,170.9
VA,Staunton City,42,170.9
PA,Bedford,25.4,170.8
TN,Clay,29.8,170.6
KS,Gray,17.5,170.5
WI,Florence,20.5,170.2
IA,Floyd,26.8,170.1
MO,Cooper,28.6,170.1
OK,Beckham,26.2,169.9
AL,Cullman,25.3,169.7
ID,Gooding,19.1,169.7
IA,Van Buren,20.3,169.7
KS,McPherson,21.4,169.5
MI,Cass,32,169.4
IN,Daviess,17.9,169.2
MN,Aitkin,33.7,169.2
GA,Hall,26.3,169
IN,Hendricks,19.7,168.9
MI,Huron,32,168.8
KS,Clark,33.3,168.7
MN,Koochiching,33.9,168.7
PA,Bradford,29.6,168.6
CO,Baca,23.9,168.3
KY,Madison,26.6,168.3
IL,Will,20.7,168.2
CO,Morgan,33.1,168.1
ME,Kennebec,34,168.1
SD,Fall River,30.9,168
KS,Gove,12,167.9
OK,Marshall,30.1,167.9
PA,Lancaster,21.7,167.9
LA,St. Tammany,29.3,167.8
MO,Stoddard,25,167.8
LA,Allen,31.5,167.5
OH,Fairfield,25.9,167.5
OR,Hood River,24.2,167.5
PA,Westmoreland,27.1,167.5
IN,Pike,20.1,167.2
TX,Carson,30.6,167.1
TX,Falls,34.1,167.1
TX,Blanco,25,166.9
IA,Dubuque,28.3,166.8
AR,Searcy,12.6,166.7
NC,Davie,26.4,166.7
VA,Charlotte,50.3,166.4
ID,Boise,26.3,166.1
IL,Williamson,33.4,166.1
MN,Crow Wing,29.9,166
IL,Jasper,15,165.8
NY,Ulster,28.4,165.7
SD,Charles Mix,37.7,165.7
NC,Lee,32.8,165.4
MT,Judith Basin,21.5,165.3
TX,Fayette,17,165.3
OR,Coos,31,165.2
GA,Morgan,28.8,165.1
MO,Christian,25.4,165.1
TX,Rains,29.2,164.7
GA,White,26.2,164.5
NY,Oswego,37.7,164.3
NC,Tyrrell,54.9,164.3
MO,Carroll,32.9,164.1
VA,Roanoke,23.2,164.1
MN,Kandiyohi,29.1,163.9
MI,Lapeer,24.3,163.8
NC,Perquimans,36.2,163.8
MO,Carter,27,163.7
VA,Tazewell,19.7,163.7
AR,Sevier,30.5,163.6
TX,Karnes,46.2,163.6
IL,Whiteside,32.4,163.5
NY,Nassau,16.7,163.4
TX,Houston,38.7,163.3
VA,Lunenburg,44.4,163.3
IL,Piatt,17.7,163.2
PA,Montgomery,19.1,163.2
VA,Prince William,20.3,163.2
GA,Twiggs,56.5,163.1
LA,Lafourche,38.7,163.1
MN,Olmsted,25,163.1
GA,Long,31.2,163
MS,Pearl River,31.9,163
NY,Jefferson,29.4,162.7
GA,McIntosh,47.2,162.4
VA,Buckingham,36.2,162.4
AL,Lamar,32,162.2
VT,Franklin,26.1,162.2
ID,Owyhee,35.6,162.1
TX,Young,33.8,162.1
MN,Dodge,24.6,161.9
NJ,Monmouth,19.9,161.9
TX,Fannin,24.1,161.8
VA,Cumberland,44.5,161.7
WY,Fremont,31.4,161.7
CO,Summit,16.9,161.3
IL,Morgan,34.9,161.3
IA,Dallas,14.8,161.3
GA,Appling,36.7,161.1
MO,Moniteau,17.3,161.1
WI,Bayfield,24.9,160.5
IA,O'Brien,18.9,160.4
WI,Columbia,25,160.4
TX,Martin,23.7,160.3
VA,Virginia Beach City,31.3,160.2
IL,Kane,23.2,159.9
ND,Barnes,25.8,159.8
GA,Madison,34.1,159.7
PA,Columbia,27.3,159.7
UT,Summit,18.3,159.5
MO,Nodaway,29.2,159.4
TN,Grainger,22.2,159.3
GA,Habersham,20.5,158.9
NJ,Burlington,23,158.9
NJ,Middlesex,21.7,158.9
NY,Wayne,32.4,158.8
CO,Eagle,17.3,158.7
NC,Rutherford,35.1,158.3
MO,Holt,18.6,158.2
WY,Platte,38.2,158.2
KS,Republic,21.6,158.1
MS,Oktibbeha,45.7,158.1
NC,Randolph,31.8,158
LA,Plaquemines,35.6,157.7
MO,Platte,26.6,157.7
VA,Smyth,32.7,157.7
WI,Sheboygan,25.1,157.6
KY,Caldwell,33.1,157.5
OH,Erie,36.2,157.5
NH,Merrimack,26.3,157.4
TX,Lavaca,23.6,157.4
NC,Currituck,22,157.3
TX,Bailey,29,156.9
IL,Christian,37.8,156.8
IL,Clinton,24,156.5
NE,Buffalo,23,156.2
NE,Chase,18.8,156.2
CO,Costilla,31.7,156.1
KY,Bell,38.4,156.1
MN,Rice,25.7,156.1
OR,Morrow,21.7,156.1
ME,York,24.9,156
GA,Banks,30.7,155.8
TX,Montague,25.8,155.8
IA,Cherokee,23.6,155.7
MO,Livingston,27.2,155.7
TX,Runnels,38.9,155.6
IL,Brown,20.1,155.5
TX,Franklin,34.8,155.5
VA,Williamsburg City,28.2,155.5
OH,Lawrence,31.9,155.4
IN,Bartholomew,26.5,155.3
TX,Burleson,35,155.2
ID,Nez Perce,34.7,155.1
TX,Lampasas,26,155
TX,Stephens,27.1,155
WV,Jefferson,24.8,155
TX,Archer,14.9,154.9
MO,Randolph,29.4,154.8
WA,Ferry,35.5,154.8
TX,Hardin,17.5,154.5
AR,Lee,47.4,154.4
NC,Henderson,27.6,154.4
IL,Lake,22.2,154.1
PA,Mifflin,28.1,153.9
KS,Ellsworth,24.6,153.8
NC,Bertie,39.2,153.8
IA,Monona,30.1,153.7
OK,Ellis,30.7,153.7
KS,Graham,17.4,153.6
LA,Cameron,13.6,153.6
TX,Collin,18.2,153.6
CO,Rio Grande,25.7,153.1
GA,Rabun,27.7,152.9
IN,Floyd,29.8,152.9
MO,Dent,24,152.8
TX,Kimble,50.2,152.6
OH,Scioto,37.4,152.5
VA,Lee,27.1,152.5
MI,Iron,39.9,152.4
TX,Wise,21.9,152.4
WY,Campbell,24.1,152.4
IL,Fayette,28.9,152.3
MI,Barry,20,152.2
TX,Goliad,42.3,152.1
UT,Washington,19.3,151.5
VA,Stafford,19.7,151.5
MI,Ontonagon,19.9,151.4
KY,Calloway,26.8,151
VA,Greensville,38.5,150.8
VA,Middlesex,25,150.8
WV,Grant,24.4,150.8
SC,Edgefield,36.6,150.7
ID,Bear Lake,15.4,150.5
TX,Wood,29.6,150.4
PA,Sullivan,28.4,150.3
NC,Orange,23,150.1
CO,Otero,41.9,150
AL,Cleburne,19.4,149.9
TX,Crane,24.1,149.9
GA,Jackson,22.5,149.8
SD,Walworth,28.9,149.8
VA,Louisa,26.8,149.8
MS,Simpson,32.5,149.7
MO,Saline,34,149.3
WA,Chelan,24.8,149.3
NC,McDowell,33.6,149.1
KS,Morris,23.3,149
NC,Lincoln,21.9,148.9
OR,Washington,22.3,148.9
KS,Dickinson,22.6,148.8
TX,Hopkins,27.1,148.8
VA,Culpeper,25.4,148.6
PA,Clarion,23.9,148.4
WI,Lincoln,26.6,148.3
MI,Emmet,25.9,148.2
MN,Benton,29.1,148.1
PA,Potter,25.8,148
KY,Boyd,34.6,147.9
VA,New Kent,19.9,147.7
NY,Steuben,31.7,147.6
WA,Whitman,22.2,147.6
MO,DeKalb,18.9,147.4
NC,Caldwell,30,147.4
PA,Franklin,27.7,147.4
AL,Bibb,25.8,147.3
AR,Randolph,39.7,147.3
OK,Noble,18.3,147.2
TX,Williamson,20.1,146.6
GA,Paulding,24.6,146.5
VA,Arlington,18.1,146.5
UT,San Juan,29.5,146
IA,Delaware,25.5,145.9
KY,Logan,31.4,145.9
OK,Delaware,31.8,145.9
WI,Outagamie,25.1,145.9
TX,Val Verde,28,145.7
MO,Johnson,21.4,145.3
KS,Osborne,26.2,145.2
VA,Westmoreland,36.5,145.2
KY,Montgomery,39.2,145.1
NY,Orleans,33.4,145.1
TX,Hood,20.2,145
MN,Redwood,24.2,144.9
VA,Shenandoah,24.9,144.8
WA,Pacific,36.3,144.8
IL,Effingham,26.8,144.7
MO,Gasconade,27.6,144.6
WI,Eau Claire,23.6,144.6
UT,Rich,14.3,144.5
MN,Carlton,31.2,144.4
MS,Winston,46,144.4
VA,Campbell,25.4,144.3
GA,Bryan,27.6,144.1
WI,Manitowoc,22.8,144.1
VA,Isle of Wight,24.8,143.9
NE,Dawson,25.5,143.8
OH,Crawford,31.7,143.8
PA,Chester,17.2,143.7
FL,Santa Rosa,24.5,143.6
MT,Rosebud,14.8,143.6
ME,Androscoggin,37,143.5
WI,Pierce,21,143.5
WY,Weston,23.1,143.4
AL,Limestone,25.1,143.3
IA,Story,21,143.3
TX,Medina,23.8,143.3
ME,Washington,35.2,143.2
NC,Greene,42.5,143.2
KS,Lyon,38.6,143.1
KS,Logan,17.9,143
MN,Chippewa,20.4,142.5
KS,Johnson,19.8,142.4
SD,Mellette,54.9,142.4
VT,Caledonia,29.4,142.4
NY,Columbia,36.5,142.3
GA,Franklin,30.1,142.2
NY,Delaware,33.7,142
TX,Yoakum,18.8,142
NY,Essex,32.1,141.9
IA,Wright,33.8,141.8
MI,Marquette,25.6,141.7
TX,Brewster,24.7,141.6
WY,Big Horn,18.4,141.4
AR,Lawrence,29.6,141.2
NE,Dodge,29.8,141.1
OR,Union,26.5,141.1
KY,Graves,26.9,140.6
WI,Grant,24.1,140.5
WI,La Crosse,21.8,140.2
OR,Clatsop,29.6,139.9
MI,Antrim,26.3,139.8
MI,Cheboygan,36.1,139.6
LA,St. John the Baptist,40.9,139.5
NC,Transylvania,35.4,139.5
IA,Hardin,22.8,139.4
TX,Erath,26.4,139.2
WI,Dunn,25.7,139.2
TX,Castro,26.7,138.6
NV,Douglas,31.2,138.5
NC,Avery,24.2,138.5
MO,Montgomery,32.4,138.3
OK,Love,22.5,138.3
OK,Haskell,30.7,138.1
TX,Jackson,22,138.1
VA,Southampton,40,138.1
NC,Alleghany,31.6,137.5
PA,Jefferson,26.5,137.5
TX,Lynn,38.3,137.4
KY,Shelby,27.2,137.3
WI,Jefferson,25.1,137.3
KY,Mason,33.7,137.2
KY,Boone,25.6,137.1
AR,Woodruff,42.1,137
NC,Macon,31.9,136.9
ID,Caribou,7,136.8
MN,Watonwan,40.3,136.8
OK,Beaver,17.2,136.8
ME,Lincoln,35.2,136.7
AR,Pike,26.6,136.6
MI,Charlevoix,28.3,136.6
OK,McClain,23,136.4
ID,Minidoka,29,136.3
VA,Dickenson,26.5,136.3
IL,Perry,36.5,136.1
GA,Charlton,32.6,136
CO,Moffat,20.2,135.9
PA,Cameron,52.8,135.6
TX,Armstrong,17.6,135.6
NY,Rockland,14.4,135.4
GA,Treutlen,36,135.1
PA,Wyoming,30.2,135
IA,Clarke,22.6,134.9
IN,Crawford,39.7,134.5
SD,Lawrence,25.4,134.5
VA,Falls Church City,19.4,134.3
WI,Rusk,30,134.3
MN,Pennington,30.5,134.1
IL,Boone,26.7,133.7
MS,Madison,29.8,133.7
CO,Lincoln,30.2,133.6
VT,Bennington,37.8,133.5
KS,Chase,24.2,133.2
PA,Pike,26,132.9
MN,Anoka,24.5,132.6
OR,Jefferson,41.3,132.6
NY,Ontario,29.3,132.5
LA,Evangeline,42.3,132.4
MN,Lyon,24.1,132.4
VA,Augusta,24.1,132.3
IL,Jersey,25.4,132.1
MN,Swift,33.5,132
UT,Sevier,11.5,131.6
MN,Lincoln,22.7,131.4
MT,Valley,28.6,131.3
ID,Gem,27.6,131.1
ME,Cumberland,28.4,131.1
WV,Monroe,28.6,131.1
NJ,Gloucester,22.8,131
WV,Pocahontas,22.9,131
WV,Ritchie,34.8,131
MN,Nicollet,21.4,130.9
FL,Nassau,30.9,130.6
VA,Sussex,27.1,130.6
IN,Gibson,24,130.5
IA,Union,30.3,130.5
NC,Alexander,26.4,130.4
TN,Williamson,13.8,130.3
MD,Calvert,25.6,130.2
FL,Calhoun,30.3,130.1
NE,Dakota,24.4,130
VA,York,20,130
KS,Marshall,20.4,129.9
WA,Skamania,26.9,129.9
NY,Suffolk,19.8,129.7
GA,Wilkinson,45.5,129.6
MO,St. Charles,20.1,129.6
MN,Nobles,34.1,129.5
NY,Clinton,38.6,129.4
VA,Franklin,28.4,129.4
CO,Phillips,18.9,129
IN,Perry,31.4,129
IN,Vermillion,34.5,129
TX,Ellis,24.3,128.9
WY,Albany,19.1,128.8
OR,Yamhill,28.3,128.4
TX,Haskell,43.3,128.3
WV,Tucker,18.7,128.2
ID,Bingham,18.9,128.1
KS,Nemaha,17.3,128.1
IA,Kossuth,22.5,128
VA,Manassas Park City,21.1,128
IA,Monroe,27.2,127.9
VT,Orleans,37.3,127.8
PA,Clinton,30.1,127.7
VA,Chesterfield,26.4,127.6
VA,Washington,20.9,127.4
FL,Liberty,39,127.3
MN,McLeod,27.8,127.2
NY,Otsego,28.3,127.2
KY,Harrison,29.9,127.1
TX,Foard,33.7,127
IL,Bureau,32.9,126.8
VA,Caroline,43.6,126.7
VA,Page,33,126.6
WI,Monroe,30.2,126.5
IN,Miami,32.1,126.4
WI,Iowa,20.1,126.2
GA,Wheeler,44.8,126.1
IN,Huntington,20.2,125.9
NH,Rockingham,21.2,125.9
GA,Lumpkin,28.8,125.8
AR,Prairie,33.1,125.5
MI,Alcona,27.6,125.5
VA,Giles,29.9,125.5
VA,Charles City,37.8,125.2
VA,Northampton,50.4,125.1
NY,Chenango,34.8,124.8
MN,Dakota,24.6,124.6
KY,Bourbon,38.5,124.5
KY,Woodford,33.4,124.5
KY,Hopkins,31.9,124.3
IL,Jo Daviess,24.7,124.2
NE,Scotts Bluff,41.8,124.2
ID,Idaho,19.7,124.1
KY,Pulaski,35.8,124.1
OH,Shelby,25,123.9
IN,Tipton,27.8,123.8
NY,Warren,34.2,123.8
IA,Worth,29.8,123.7
KY,Hardin,30.3,123.7
NE,Dawes,19.4,123.6
IL,Henry,21.4,123.4
MN,Stevens,14.8,123.4
AR,Lincoln,30.7,123.3
AR,Baxter,29.4,123.2
IN,DeKalb,28.3,123.2
MN,Freeborn,36,123.1
VA,Alleghany,24.8,123
NY,Tompkins,31.6,122.8
GA,McDuffie,54.3,122.5
MI,Midland,23.5,122.5
ID,Bonner,30.2,122.4
TX,Wheeler,25.7,122.4
IA,Madison,16.9,122.3
TX,Wilson,24.4,122.2
WV,Lewis,34.1,122
NE,Kearney,19.9,121.8
NY,Washington,33.4,121.4
AR,Hot Spring,33.1,121.3
NC,Watauga,22.6,121
ME,Somerset,39.2,120.9
NY,Franklin,38.2,120.9
OH,Ashtabula,34.2,120.9
VA,Hanover,17.6,120.9
WI,Chippewa,25.4,120.9
WI,Sauk,28.3,120.8
KS,Phillips,24.3,120.6
KY,Barren,26.6,120.6
WY,Niobrara,9.2,120.6
MN,Goodhue,27.7,120.3
RI,Kent,26.8,120.3
MT,Meagher,35.5,120.2
OH,Darke,26.7,120.2
TX,Edwards,14.3,119.9
MN,Clay,20.6,119.8
CO,Las Animas,28.4,119.3
OR,Benton,18.8,119.3
OH,Hancock,30.5,119.2
MT,Sweet Grass,19.2,118.7
OR,Wasco,28.3,118.7
VA,Northumberland,33.5,118.6
IA,Clay,26.7,118.5
WI,Clark,19.3,118.5
MN,Douglas,19.6,118.4
VT,Chittenden,26.2,118.3
ND,Pierce,32.6,118.1
IA,Keokuk,19,118
OK,Logan,18.2,118
UT,Beaver,12.5,118
KY,Bullitt,30.4,117.8
IL,Iroquois,29.2,117.6
ND,Nelson,20.7,117.5
KS,Sheridan,25.6,117.4
PA,Wayne,27,117.4
WY,Sublette,20.9,117.3
GA,Evans,39.1,117
MN,Hubbard,26.5,116.9
OH,Logan,29.2,116.9
CO,Custer,15.4,116.8
VA,Montgomery,21.9,116.8
ID,Boundary,14.7,116.7
IA,Ida,18.1,116.7
WI,Calumet,18.8,116.6
ME,Franklin,26.4,116.5
IL,Randolph,31.6,116.4
WI,Crawford,34.6,116.2
AZ,Apache,46.9,116.1
NY,Cortland,33.3,115.9
LA,Beauregard,30.5,115.8
PA,Tioga,25.2,115.8
WA,Kittitas,22.8,115.7
PA,Susquehanna,27.8,115.5
WI,Price,32.5,115.5
CO,Park,16.8,115.4
MO,Andrew,21.8,115
OK,Roger Mills,25.5,114.7
AR,Montgomery,18.2,114.6
ID,Latah,19.4,114.6
IL,LaSalle,30.3,114.6
MO,Texas,26.8,114.6
OH,Greene,26.5,114.6
PA,Somerset,22.7,114.6
IN,Marshall,21.3,114.4
NY,St. Lawrence,32.9,114.4
CT,Middlesex,23.1,114.3
MT,Prairie,15.4,114.3
SD,Tripp,33.2,114.3
TX,La Salle,33.6,114.3
VA,Amelia,33.2,114.3
OK,Greer,38.8,114.1
VA,Buena Vista City,31.6,114.1
OK,Jefferson,37,113.6
MO,Howard,32.1,113.5
MN,Otter Tail,22.7,113.4
WV,Mason,29.1,113.3
WI,Waupaca,23.7,113.3
MS,Carroll,22.8,113.2
KY,Mercer,28.2,113
IN,Jay,29,112.9
NY,Fulton,38.7,112.9
VA,Albemarle,18.5,112.9
NC,Cabarrus,24.5,112.8
UT,Emery,11.8,112.8
VA,Poquoson City,15.7,112.8
WA,Pend Oreille,27.7,112.8
OH,Jackson,35.8,112.7
PA,Venango,31,112.7
ME,Oxford,34,112.6
MN,Todd,22.1,112.5
VA,King and Queen,38,112.5
VA,Warren,28.3,112.5
OH,Seneca,34.3,112.3
VA,Scott,22.4,112.2
KY,Ohio,29.9,111.9
VA,Patrick,28.7,111.9
WA,Island,24.2,111.6
IL,Lawrence,32.4,111.5
IN,Sullivan,32.4,111.5
KS,Stanton,11.2,111.5
MN,Cottonwood,23.3,111.5
AL,Choctaw,37.2,111.4
KY,Trigg,37.2,111.3
VA,King George,19.8,111.3
MN,Wilkin,26.3,111.1
VA,Wythe,24.6,111.1
MN,Wadena,29.6,111
MS,Lee,35.6,110.9
AZ,Santa Cruz,36.2,110.8
ID,Lewis,23.4,110.8
CT,Litchfield,19.6,110.5
CO,Crowley,41.5,110.4
IA,Iowa,23.2,110.4
MO,Clark,23.1,110.4
MT,Beaverhead,13,110.4
WV,Pleasants,36.1,110.4
TX,Crosby,39.7,110.3
MI,Gogebic,42,110.2
OH,Gallia,27.6,110
UT,Piute,10,110
KS,Cheyenne,23.1,109.8
OK,Alfalfa,25.1,109.8
TX,Kendall,21.3,109.6
CO,Prowers,30.1,109.5
KY,Whitley,28.1,109.1
TX,Terrell,39.1,109
GA,Hancock,52.1,108.9
GA,Oconee,15.9,108.9
TN,Bledsoe,32.3,108.8
KS,Coffey,24.9,108.7
NY,Montgomery,39.2,108.7
VA,Frederick,20.6,108.7
WY,Sheridan,24.5,108.6
ND,Kidder,15.1,108.5
TX,Shackelford,27.1,108.5
MS,Itawamba,29.7,108.4
NY,Wyoming,31,108.4
TX,Parker,20.5,108.4
WI,Jackson,34.6,108.4
IA,Chickasaw,25.6,107.9
MO,Pike,28.3,107.8
NE,Madison,32.5,107.8
MI,Clinton,21.4,107.7
TX,Bandera,26.4,107.7
ID,Teton,24.2,107.6
MT,Madison,17.9,107.6
NM,Mora,33,107.5
WV,Brooke,28.5,107.3
IL,Stephenson,44.2,107.2
NC,Hoke,33.3,107.2
VA,Grayson,34.1,107.2
MI,Benzie,30.6,107
OH,Pickaway,24.8,107
MT,Pondera,37.9,106.8
KS,Norton,46,106.7
MN,Steele,23.9,106.7
VA,Carroll,33.3,106.6
ND,Oliver,19.6,106.4
VA,Prince George,25.1,106.1
IA,Cerro Gordo,31.5,105.8
OR,Curry,32.7,105.8
NE,Burt,12.3,105.7
UT,Davis,13.6,105.6
WI,Portage,20.4,105.5
NE,Saline,20.1,105.4
VA,Gloucester,23,105.3
WI,Taylor,21.4,105.2
OH,Meigs,33.9,105.1
WI,Marathon,24.7,105.1
KY,Perry,33.7,104.9
MS,Lincoln,33.7,104.9
VT,Windsor,29.2,104.9
PA,Adams,26,104.7
TX,Lipscomb,17.7,104.7
WV,Wetzel,37.9,104.7
OH,Portage,28.9,104.6
NE,Wayne,16.4,104.2
MI,Presque Isle,23.5,103.9
KS,Rice,20.1,103.8
IL,Kendall,18.5,103.7
OH,Champaign,30.7,103.7
VA,Lancaster,42.9,103.6
WI,Langlade,35.1,103.6
MN,Meeker,22.1,103.5
GA,Marion,44.7,103.4
VA,James City,23.5,103.3
NE,Thayer,11.3,103.2
TX,Llano,31.7,103.2
MT,Chouteau,27.5,102.9
NY,Lewis,25.3,102.8
OR,Linn,31.1,102.8
IA,Pocahontas,24.8,102.5
VA,Craig,18.4,102.5
KS,Rooks,35.5,102.3
VA,Greene,20.1,102.3
OR,Columbia,29.7,102.2
OK,Atoka,36,102
IN,Porter,23.4,101.9
MO,Lewis,25.2,101.6
KS,Hodgeman,8.2,101.4
CO,Rio Blanco,19.8,101.3
ND,Mercer,13.7,101.1
CO,Grand,29.8,101
TX,Gaines,17.6,101
VA,Rockbridge,24.8,100.8
MI,Livingston,18.4,100.7
ND,Wells,11.3,100.4
PA,Bucks,18.6,100.4
KY,Union,28.2,100.2
IA,Louisa,27.9,100.1
IN,Starke,26.4,100
MN,Scott,16.3,100
PA,Butler,20,100
SD,Stanley,29.2,100
SD,Union,22.8,100
TX,Dickens,28.4,100
MS,Stone,32.3,99.7
KY,Grayson,22.3,99.6
CO,Pitkin,31.7,99.5
MO,Schuyler,31.6,99.3
KS,Ottawa,18.5,99.2
IL,Stark,26.5,99.1
IA,Sac,24.5,99.1
NE,Nemaha,24,98.9
OH,Highland,35.6,98.9
IA,Davis,25.9,98.8
MO,Lafayette,36.3,98.8
MN,Sherburne,21.4,98.7
IA,Hancock,17.2,98.6
ND,Griggs,20.4,98.6
PA,Armstrong,29.4,98.6
WA,Stevens,23.3,98.3
KY,Nelson,27.5,98.1
ND,Grant,6.9,98.1
WV,Summers,29.6,98.1
ND,McLean,17.5,98
MT,Fallon,18.8,97.8
NJ,Ocean,18.8,97.8
CO,Jackson,8.2,97.5
SD,Meade,25,97.5
IA,Sioux,15.3,97.3
WY,Crook,17.3,97.3
MO,Atchison,25.1,97.1
MI,Houghton,20.9,97
NE,Red Willow,28.4,96.7
OK,Craig,29.8,96.7
OH,Defiance,28.4,96.6
OR,Sherman,29.9,96.5
OR,Clackamas,23.4,96.3
OH,Perry,29.3,96.2
IA,Plymouth,26.2,96.1
GA,Webster,46.9,96
OH,Clermont,23.3,96
NY,Madison,26.1,95.8
VA,Brunswick,57.4,95.7
VA,Amherst,28.7,95.6
OH,Vinton,29.3,95.4
TX,McCulloch,33.6,95.2
WV,Hancock,39.6,95.2
TX,Oldham,18.6,95.1
WA,Douglas,30.3,95
ND,Richland,22.9,94.9
CO,Delta,23.8,94.8
NE,Cass,16.6,94.8
VT,Washington,34.4,94.8
ID,Power,30.4,94.2
OH,Athens,33.1,94.2
IL,Schuyler,43.3,94.1
KY,Carroll,35.6,94
MT,Wheatland,16.8,94
WI,Waushara,21.1,94
OH,Harrison,29.2,93.9
OK,Hughes,33.9,93.8
MS,Hancock,32.6,93.6
MN,Faribault,31.5,93.1
IL,McHenry,17.5,93
OR,Tillamook,30.5,93
TX,Callahan,22.5,92.9
MT,Daniels,13.7,92.7
TX,Rockwall,16.7,92.6
CO,Mineral,25.4,92.5
OH,Fulton,25.4,92.5
IL,Moultrie,17.9,92.2
AK,Sitka,33.8,91.9
IN,Harrison,27.7,91.7
VA,Fairfax City,18.8,91.6
VA,Nelson,53.6,91.5
PA,Centre,19.3,91.4
TX,Parmer,28,91.4
CO,San Miguel,23.2,90.9
NY,Livingston,31.8,90.9
VT,Addison,26.7,90.7
KY,Marshall,24.1,90.6
OH,Wayne,21.9,90.6
UT,Wayne,10.9,90.6
TX,Leon,36.2,90.5
VA,Orange,33.7,90.5
OH,Hardin,21.8,90.4
KY,Laurel,30.1,90
WI,Green,22.9,90
WI,Walworth,25.5,89.8
UT,Wasatch,12.2,89.7
VA,Fairfax,16.9,89.4
WY,Hot Springs,23.8,89.4
GA,Harris,24.2,89.3
NE,Custer,22.5,89.3
MN,Lake,21.7,89.2
MO,Mercer,19.7,89.2
KY,Marion,37.3,89.1
ND,Bottineau,13.8,89.1
GA,Effingham,27.2,88.9
NJ,Bergen,17.3,88.9
MO,Daviess,16.6,88.8
OH,Preble,26,88.7
MN,Pope,15.1,88.4
IN,White,19.4,88.3
PA,Crawford,30.4,88.2
OH,Hocking,35,88.1
CO,Cheyenne,11.5,87.5
IA,Carroll,26.9,87.5
WA,Klickitat,27.1,87.5
TX,Knox,31.7,87.4
OH,Belmont,31.3,87.2
ID,Fremont,9.1,87
IN,Knox,31.2,87
KY,Harlan,31.1,87
WV,Greenbrier,32.1,87
IL,Lee,27.4,86.7
GA,Talbot,51.4,86.6
IN,Carroll,19.7,86.6
NE,Phelps,18.4,86.6
OH,Henry,30,86.6
IL,DuPage,17.2,86.5
MN,Houston,28.5,86.5
OH,Knox,25.9,86.4
ID,Oneida,11,86.3
NY,Schuyler,28,86.3
ND,Pembina,19.2,86.2
ME,Penobscot,31,86.1
NE,Pierce,15.3,86.1
OK,Major,19.7,86.1
VA,Rockingham,19.1,86.1
PA,Cumberland,23.8,86
IA,Grundy,18.5,85.8
TX,Sherman,23.8,85.8
WI,Pepin,20.5,85.8
PA,Elk,28.3,85.6
ME,Aroostook,29.1,85.5
OH,Miami,28.9,85.4
VA,Loudoun,13,85
MN,Isanti,24.3,84.9
OH,Wood,23,84.9
MS,Tate,44.2,84.5
OH,Adams,35,84.4
NM,Catron,38.2,84.2
ND,Ransom,23,84.1
OK,Coal,38,84.1
GA,Cherokee,18.5,83.9
KS,Marion,13.3,83.9
MO,Harrison,30,83.8
TN,Moore,25.8,83.7
OH,Van Wert,29,83.6
IA,Howard,25.8,83.5
MN,Winona,19.5,83.3
VA,Madison,35.8,83.1
WA,Lincoln,19.3,83.1
MN,Martin,33.8,82.8
MS,Rankin,23.2,82.7
MO,Monroe,25.6,82.7
TX,Irion,30.5,82.7
WA,Columbia,22.6,82.7
KY,Anderson,28.3,82.5
CO,Douglas,14,82.3
OH,Ottawa,31,82.2
MT,Teton,12.7,82.1
GA,Pike,16.8,82
TX,Concho,27.1,81.9
VA,Salem City,37.2,81.9
IN,Newton,32,81.5
PA,Juniata,19.1,81.5
CO,Chaffee,26.9,81.3
MO,Ralls,31.2,81.3
OH,Wyandot,28.3,81.3
MN,Chisago,20.5,81.1
NE,Hitchcock,26,81
TX,Somervell,26.2,80.8
GA,Jones,26.6,80.7
NE,Hamilton,17.4,80.7
NE,Webster,21.2,80.6
OH,Delaware,15.6,80.5
SD,Spink,33.3,80.2
GA,Fayette,17.5,80.1
KY,Ballard,29.8,80
NY,Saratoga,22.8,80
MS,Choctaw,36.2,79.9
NE,Nance,17.5,79.7
IL,Grundy,20.4,79.2
IA,Cedar,18.5,79.1
MN,Wabasha,22.9,78.9
PA,Union,21.2,78.7
GA,Tattnall,43.4,78.6
VA,Fauquier,17.3,78.6
UT,Sanpete,16.3,78.5
WY,Washakie,29.4,78.5
VA,Botetourt,18.4,78.4
NC,Ashe,33.2,78.3
OH,Washington,26.6,78.2
IN,Fulton,25.3,78
WI,Dodge,28.9,77.9
WI,Washington,19.1,77.9
KY,Livingston,20.3,77.8
MN,Waseca,21,77.8
KS,Greeley,35.7,77.4
MN,Becker,24.6,77.2
NE,Keith,37.4,77.1
MS,Tippah,27.2,77
MN,Traverse,15.4,76.9
KY,Todd,22.8,76.8
MN,Washington,22,76.8
IA,Clayton,28.3,76.5
ND,Sheridan,15.3,76.5
RI,Washington,25.1,76.5
OH,Clinton,31.7,76.4
TX,Bosque,28.6,76.4
LA,Grant,26.5,76.3
NE,Platte,25.4,76.3
OH,Madison,31.5,76.2
OH,Coshocton,20.9,76
KY,Clay,33.3,75.9
KY,Nicholas,38.4,75.9
ND,Hettinger,25.7,75.7
SD,Turner,19.8,75.5
IN,Ripley,21.1,75.4
NC,Gates,28.3,75.4
VA,Goochland,13.6,75.4
KY,Crittenden,22.5,75.3
VA,Fluvanna,22.4,75.2
MO,Shelby,23.8,75.1
NJ,Warren,22.4,75.1
IA,Jefferson,29.8,75
IN,LaGrange,10.2,74.9
NE,Sioux,17.9,74.8
OK,Woods,28.1,74.7
IN,Rush,30.1,74.6
MS,Greene,29.6,74.6
KY,Edmonson,22.7,74.5
UT,Utah,9.6,74.4
IA,Dickinson,28.3,74.3
KY,Knox,40.2,74.3
MI,Montmorency,33.6,74.2
NE,Washington,20.3,74.1
ND,Burke,16.8,73.7
VA,Bedford,19.2,73.6
WI,Shawano,28.4,73.6
GA,Dawson,27.6,73.5
IN,Noble,27.8,73.2
WA,San Juan,30.4,73.1
KY,Butler,30.6,72.6
KY,Gallatin,35.3,72.5
KY,Johnson,25.3,72.5
NY,Tioga,27.6,72.5
SD,Lake,25.5,72.5
OH,Warren,15.4,72.4
KY,Meade,26,72.3
NY,Yates,23.8,72.3
VA,Pittsylvania,32.3,72.2
IA,Winnebago,22.6,72.1
MS,Sharkey,53.2,72.1
ND,Golden Valley,25.6,72.1
TX,Clay,24.4,72.1
MN,Yellow Medicine,26.7,72
WY,Lincoln,20.1,72
IA,Humboldt,35,71.8
NC,Yancey,27.2,71.6
MS,Walthall,42,71.2
VA,Lexington City,27,70.5
OH,Mercer,20.1,70.1
KY,Rockcastle,31.3,70
WI,Waukesha,16.3,70
NC,Madison,30.2,69.9
IL,Carroll,25.1,69.8
SD,Clark,13.1,69.8
RI,Bristol,19.1,69.6
KY,Rowan,34.8,69.3
TX,Jim Hogg,40.3,69.3
GA,Forsyth,12.7,69.2
AR,Sharp,30.7,69.1
TX,Delta,30.4,69
WV,Doddridge,19.6,69
VA,Bland,15.7,68.8
WI,Vernon,18.1,68.6
NY,Schoharie,35.8,68.5
CO,Kiowa,27.5,68.4
ND,Traill,20.6,68.4
KY,Martin,16.7,68.3
WI,St. Croix,20.8,68.3
NE,Perkins,10,68.1
NC,Polk,29.4,67.7
MI,Dickinson,27.1,67.6
NE,Deuel,20.3,67.5
AK,Bristol Bay,30,67.3
IN,Cass,30.7,67.3
KY,Muhlenberg,33.1,67.3
OH,Jefferson,34.7,67.3
MN,Le Sueur,24.8,67.1
UT,Juab,21.2,67.1
VA,Clarke,37.8,67
WI,Door,19.5,66.9
MN,Grant,25.2,66.8
ND,Steele,8.9,66.7
WI,Barron,27.6,66.7
OH,Columbiana,33,66.6
VA,Floyd,16.7,66.6
ME,Hancock,27.3,66.4
NE,Nuckolls,28,66.4
IN,Hancock,23.9,66.3
VA,Richmond,23.6,66.1
NJ,Somerset,15.8,66
ID,Washington,35.3,65.8
KY,Adair,23.1,65.8
CO,Dolores,45.7,65.6
OK,Kingfisher,27.6,65.6
GA,Echols,49,65.5
NJ,Morris,14.4,65.5
ME,Waldo,31.5,65.2
IL,Woodford,19.8,65.1
KY,Garrard,30.7,65
KY,Oldham,15.6,64.7
VA,Powhatan,16.8,64.7
NE,Johnson,26,64.5
OR,Harney,22.3,64.5
KY,Wayne,25.4,64
MN,Wright,19.7,63.9
NE,Sarpy,23.2,63.9
MO,Worth,14.5,63.6
ND,Dickey,10,63.6
OH,Morrow,23.1,63.4
VA,Appomattox,30.9,63.4
IL,Ogle,25.7,63.3
SD,Custer,28,63
IA,Wayne,25.7,62.8
NY,Hamilton,26,62.7
TX,Gillespie,24,62.7
MS,Kemper,58,62.2
NC,Camden,30.2,62.2
MN,Carver,13.9,62.1
VA,King William,27.3,62.1
TX,Throckmorton,45.1,62
IN,Putnam,30.8,61.4
OH,Ashland,22.5,61.4
TX,Mills,23.4,61.4
IA,Jackson,30.5,61.3
KY,Powell,36.9,61.2
ND,Bowman,15.2,61.2
WI,Trempealeau,27.9,61.1
NE,Harlan,24.9,60.9
SD,Deuel,18.4,60.9
SD,Aurora,22,60.8
KY,Lawrence,16.8,60.7
OH,Putnam,13.2,60.4
TX,Newton,44.1,60.4
NE,Antelope,18.9,60.3
ID,Madison,6.7,60
SD,Brookings,21.2,59.7
ID,Adams,36.8,59.6
KS,Kiowa,14.5,59.6
KY,Pendleton,22,59.6
IN,Wabash,31.1,59.5
TX,Hudspeth,28.6,59.5
KY,Grant,35.9,59.4
IN,Blackford,34.8,59.3
MS,Lamar,29.5,59.1
IA,Guthrie,27.2,58.8
MN,Lake of the Woods,34.2,58.8
NE,Dixon,23.5,58.8
MO,Osage,13.6,58.7
KY,Russell,34,58.5
SD,Hanson,12.5,58.5
TN,Pickett,17.3,58.5
MN,Jackson,24.2,58.3
KS,Washington,23.5,58.1
OH,Paulding,20.3,58.1
TX,Presidio,31.6,58
VA,Rappahannock,20.5,57.9
WA,Wahkiakum,30.5,57.7
KY,Webster,29.5,57.6
TX,Culberson,38.5,57.6
IL,Pike,24.1,57.4
NE,Seward,17.6,57.4
MN,Fillmore,19.8,57.3
ME,Knox,29.9,57.2
ID,Jefferson,14.1,57
ID,Franklin,13.7,56.8
KS,Trego,26.2,56.1
UT,Cache,12,56.1
VT,Lamoille,32.3,56
OK,Cimarron,32.7,55.7
SD,Potter,27.7,55.7
ND,LaMoure,10.2,55.6
WI,Green Lake,23.5,55.4
KY,Bracken,22.5,55.3
MN,Morrison,25.4,55.3
OH,Auglaize,21.5,55.3
ND,Eddy,35,55.1
IA,Benton,21.4,55
OK,Dewey,15.4,55
IL,Shelby,29,54.8
IN,Steuben,24.7,54.5
MN,Murray,26.9,54.3
KY,Allen,21.4,54.2
NE,Butler,22.6,54.2
OH,Pike,37.1,53.9
IN,Dearborn,27.4,53.7
KY,Hancock,30.1,53.7
MN,Brown,24.9,53.6
WI,Menominee,62.3,53.6
GA,Columbia,19.7,53
KY,Wolfe,42.3,52.8
CO,Broomfield,15.2,52.7
IN,Parke,20.4,52.4
KY,Greenup,29.5,52.3
MN,Renville,25.2,52.2
IN,Boone,18,52.1
IA,Mitchell,15.8,51.9
OH,Tuscarawas,25.6,51.9
WI,Lafayette,25.4,51.7
KY,McCreary,23.8,51.6
MN,Lac qui Parle,24.5,51.6
WI,Vilas,41.3,51.4
KY,Breckinridge,20.3,51.3
SD,Harding,17.2,51.3
WI,Marinette,34.5,51.2
KS,Stevens,12.6,51
MN,Cook,36.1,51
IA,Audubon,24.4,50.5
KY,Washington,28.1,50.5
AR,Cleveland,32.4,50.2
KY,Floyd,34.8,50.2
NE,Gosper,17.5,50.2
OH,Williams,27.9,50.1
NJ,Sussex,17,50
NY,Putnam,13,50
OH,Medina,19.2,49.8
KY,Larue,36,49.4
MI,Leelanau,21.2,49.3
KY,Hickman,36.5,49.2
GA,Clay,81.1,49.1
MS,George,27.7,49.1
IA,Adair,32.2,49
TX,Mason,48.5,49
KY,Cumberland,31.2,48.9
SD,Hand,19.4,48.8
KY,Lee,37.5,48.6
ME,Sagadahoc,25.7,48.4
KS,Smith,17.6,48.2
GA,Stewart,75.5,48.1
NE,Holt,14.2,47.9
ND,McIntosh,30.3,47.8
VT,Grand Isle,28.8,47.8
WV,Upshur,29.5,47.6
NE,Richardson,21.6,47.5
WI,Ozaukee,17.1,47.5
KY,Green,20.1,47.4
KY,Lincoln,33.4,47.4
KY,Spencer,22.9,47.4
NE,Boyd,16.1,47.4
NE,Rock,15.6,47.3
MT,Mineral,35.6,47.2
KY,Leslie,21.8,46.8
KY,McLean,29.6,46.8
KY,Carter,26.4,46.3
IN,Whitley,25.8,45.5
VA,Mathews,28.8,44.7
NE,Saunders,19.9,44.5
IA,Calhoun,28.8,44.2
CO,Conejos,16.7,43.9
OK,Grant,25.8,43.9
VT,Orange,28.4,43.8
KY,Casey,16.5,43.6
NV,Lincoln,19.3,43.5
MS,Pontotoc,40.3,43.3
NE,Furnas,16.2,42.8
MS,Tishomingo,26.1,42.6
MT,Granite,28.9,42.6
OH,Huron,28.4,42.6
SD,Miner,15.9,42.6
OH,Geauga,13.2,42.5
ND,Adams,13.6,42.4
IL,Monroe,15.1,41.9
TX,Garza,34.8,41.2
OH,Brown,35.4,41
CO,Ouray,18.5,40.8
MO,Scotland,26.9,40.8
CO,Hinsdale,21.8,40.7
IA,Crawford,35.7,40.4
WY,Uinta,19.1,40.4
NJ,Hunterdon,14.3,40.3
IN,Greene,24.8,40.2
IN,Franklin,21.4,40.1
KY,Carlisle,23.7,39.8
IA,Ringgold,22.9,39.4
IL,Clay,42.3,39.1
OH,Union,18.5,38.9
WI,Kewaunee,18.3,38.8
KY,Lewis,23.4,38.5
IL,Menard,32.7,38.4
ND,Renville,15,38.3
OH,Monroe,39.2,38.2
ID,Clark,26.2,37.9
KY,Hart,22,37.9
NE,Otoe,25.6,37.7
IA,Harrison,25.5,37.6
KY,Pike,30.5,37.3
WI,Wood,28.7,37.2
ND,Billings,7.7,36.8
KY,Metcalfe,23.2,36.7
IN,Hamilton,16.7,36.6
IL,Hamilton,14.6,36.4
IA,Greene,24.1,36.3
KY,Henry,32,36.1
CO,Yuma,24.6,35.8
KY,Magoffin,32.3,35.8
WV,Taylor,21.2,35.4
WI,Marquette,28.2,35
KY,Elliott,39.3,34.7
KY,Monroe,27.3,34.7
KY,Estill,39.1,34.4
KY,Fleming,21.4,34.3
MN,Roseau,26.7,34.3
KY,Letcher,37.4,33.8
MS,Leake,40.8,33.5
SD,Hamlin,15,33.4
IL,Bond,25.2,33.2
SD,Douglas,9.6,33.2
SD,Perkins,16.7,32.7
IN,Henry,34.2,32.2
MN,Big Stone,16.2,32.2
NE,Sherman,30.3,32.2
WI,Buffalo,21.8,31.7
KS,Lincoln,32.3,31.5
IA,Jones,24.6,31.4
NE,Knox,16.7,31.1
IN,Brown,30.2,31
ID,Camas,42.4,30.9
ID,Custer,14,30.9
NE,Cedar,15.9,30.5
KY,Trimble,34,30.3
UT,Morgan,6.5,30.3
IL,Hancock,26.3,30.2
IN,Wells,27.9,30
VA,Highland,19.2,29.7
MN,Kittson,35.4,29.5
NE,Thurston,50.6,29.5
TX,Real,60.2,29.2
UT,Daggett,0.8,29.2
ND,Benson,56.4,28.9
NE,York,21.6,28.8
VA,Bath,24.5,28.7
IA,Allamakee,16.2,28.2
ND,McHenry,21.9,28.1
IN,Randolph,38.4,27.9
KY,Lyon,28.6,27.8
IA,Buchanan,17.4,27.7
NE,Jefferson,36.1,27.6
TX,Motley,21.5,27.4
OK,Harper,24.7,26.7
KY,Menifee,43.4,26.6
ND,Foster,28.3,26.3
TX,Glasscock,,26.2
MT,Garfield,4.7,25.8
KY,Jackson,27.1,25.4
KY,Bath,31.5,25.1
ND,Cavalier,13.7,25.1
MN,Pipestone,25.1,24.9
ND,Rolette,60,24.9
KY,Clinton,30.8,24.5
MN,Red Lake,24,24.4
NE,Pawnee,28.6,24.3
SD,Campbell,2.2,24.2
SD,McCook,18.8,23.6
SD,Sully,27,23.3
OR,Grant,30.5,22.7
MS,Union,26.7,21.9
KY,Owen,31.2,21.7
CO,Elbert,11.2,21.6
IA,Osceola,20.3,21.4
WI,Oconto,18.7,21.3
NE,Franklin,19.9,21.1
TX,Briscoe,24.7,21.1
TX,Coke,31.9,20.5
GA,Glascock,8,20.3
OH,Holmes,6.7,20.2
TX,Upton,28.4,19.9
MT,McCone,0,19.5
IL,Putnam,29.7,18.5
SD,Hutchinson,22.3,18.5
IL,Scott,34.7,18.1
KY,Knott,34.3,18
SD,Dewey,46.9,17.9
TX,Hardeman,19.9,17.2
TX,Kinney,11.1,17.2
SD,Corson,52.7,17
ND,Sargent,22.7,16.9
OR,Gilliam,29.9,16.9
MO,Knox,29,16.3
NE,Stanton,20.8,16.3
OK,Cotton,32.8,16.2
IA,Taylor,25.1,16.1
VT,Essex,37.8,16
NE,Cuming,28.2,14.7
ND,Divide,12.6,14.5
OR,Wallowa,36.8,14.5
KY,Owsley,39.4,14.4
IA,Shelby,15,14.3
IN,Spencer,15.8,14.2
IA,Winneshiek,15.2,14.2
MO,Hickory,23.7,14.2
WI,Richland,21.8,14.1
SD,Faulk,16.3,13.9
NE,Morrill,42.7,13.5
SD,McPherson,9.6,13.5
SD,Ziebach,48.1,11.6
TX,Collingsworth,34.4,10.7
MN,Marshall,19.2,10.5
TX,Schleicher,13.4,10.3
ND,Emmons,18.8,9.4
TX,Reagan,28.7,9.4
AK,Kusilvak,42.1,9
GA,Chattahoochee,19.7,9
IA,Butler,16.6,9
KS,Decatur,27.4,9
KS,Elk,10.9,9
KS,Wallace,6.7,9
KY,Robertson,39.8,9
MN,Norman,22.5,9
MN,Sibley,24.9,9
MO,Gentry,17.2,9
MO,Putnam,39.9,9
MT,Carter,6.5,9
MT,Wibaux,27.9,9
NE,Arthur,5.8,9
NE,Brown,29.3,9
NE,Frontier,27.9,9
NE,Hooker,15.2,9
NE,Keya Paha,11.8,9
NE,Polk,20.2,9
NE,Wheeler,24.4,9
ND,Logan,6,9
ND,Sioux,57,9
ND,Slope,14.2,9
ND,Towner,19.5,9
SD,Bon Homme,16,9
SD,Edmunds,8.2,9
SD,Jerauld,18.1,9
SD,Oglala Lakota,63.1,9
SD,Sanborn,18.4,9
TX,King,10,9
AK,Aleutians East,40.9,
AK,Bethel,30.2,
AK,Denali,7.8,
AK,Fairbanks North Star,25.6,
AK,Hoonah-Angoon,51.6,
AK,Kenai Peninsula,24.5,
AK,Kodiak Island,28.7,
AK,Lake and Peninsula,49.2,
AK,Matanuska-Susitna,21.6,
AK,Nome,42.5,
AK,Northwest Arctic,43.2,
AK,Petersburg,30,
AK,Prince of Wales-Hyder,38.5,
AK,Skagway,27.5,
AK,Southeast Fairbanks,23.3,
AK,Wrangell,37.3,
AK,Yakutat,41.7,
AK,Yukon-Koyukuk,45,
CT,Tolland,23.7,
CT,Windham,35,
GA,Jenkins,55.8,
GA,Montgomery,21.3,
HI,Kalawao,,
IN,Adams,16.2,
IN,Benton,25.1,
IN,Decatur,38.5,
IN,Fayette,41.9,
IN,Fountain,26,
IN,Jasper,24.8,
IN,Jefferson,36.9,
IN,Morgan,26.1,
IN,Ohio,24.4,
IN,Orange,29.4,
IN,Owen,24.5,
IN,Switzerland,28.2,
IN,Union,33.9,
IN,Warren,25.9,
IN,Washington,29.8,
IA,Decatur,28.5,
IA,Franklin,35.7,
KS,Comanche,21.4,
KS,Jewell,18.3,
KY,Breathitt,35.6,
KY,Morgan,40.5,
LA,Tensas,60.1,
MS,Alcorn,30.9,
MS,Amite,35.8,
MS,Attala,41.9,
MS,Benton,23.5,
MS,Calhoun,37.4,
MS,Clarke,36.6,
MS,Copiah,45.6,
MS,Covington,45.7,
MS,Holmes,76.3,
MS,Issaquena,47.3,
MS,Jasper,45.6,
MS,Jefferson Davis,55.7,
MS,Lafayette,36.3,
MS,Lawrence,32.4,
MS,Monroe,35.4,
MS,Montgomery,51.2,
MS,Neshoba,47.7,
MS,Newton,45.7,
MS,Noxubee,50.2,
MS,Perry,39.2,
MS,Prentiss,30.7,
MS,Quitman,62.2,
MS,Smith,37.9,
MS,Tallahatchie,64.1,
MS,Wayne,35,
MS,Webster,32.4,
MS,Wilkinson,60.1,
MS,Yalobusha,40.6,
MS,Yazoo,61.4,
MT,Liberty,5.8,
MT,Petroleum,16,
MT,Powder River,26.6,
MT,Treasure,19.3,
NE,Banner,24,
NE,Blaine,16,
NE,Boone,15.9,
NE,Clay,25.1,
NE,Colfax,23.3,
NE,Dundy,38.1,
NE,Fillmore,21.9,
NE,Garden,8.2,
NE,Garfield,27.9,
NE,Grant,7.4,
NE,Greeley,17.7,
NE,Hayes,13,
NE,Howard,14.1,
NE,Logan,5.6,
NE,Loup,16,
NE,McPherson,10.6,
NE,Thomas,12,
NE,Valley,19.9,
NM,Harding,50.6,
NC,Graham,22.8,
NC,Hyde,28.6,
NC,Jones,36.5,
NC,Mitchell,23.2,
OH,Noble,22.8,
SD,Buffalo,55.2,
SD,Day,38.3,
SD,Grant,16.1,
SD,Gregory,33.2,
SD,Haakon,6.3,
SD,Hyde,18.7,
SD,Jackson,33.7,
SD,Jones,18.4,
SD,Kingsbury,25.4,
SD,Lyman,37.1,
SD,Todd,68.6,
UT,Garfield,16.7,
WV,Calhoun,20.3,
WV,Clay,26.3,
WV,Lincoln,27.2,
WV,Pendleton,25.3,
WV,Webster,43.6,
